URL,Last crawled
https://www.meseriaslocal.ro/servicii/tamplarie-and-mobilier/reparatii-mobilier/alexandria/,2026-01-27
https://www.meseriaslocal.ro/servicii/tamplarie-and-mobilier/reparatii-mobilier/hunedoara/,2026-01-27
https://www.meseriaslocal.ro/servicii/tamplarie-and-mobilier/reparatii-mobilier/medias/,2026-01-27
https://www.meseriaslocal.ro/servicii/tamplarie-mobilier/reparatii-mobilier/zalau/,2026-01-27
https://www.meseriaslocal.ro/servicii/evenimente-media/organizare-evenimente/focsani,2026-01-26
https://www.meseriaslocal.ro/servicii/tamplarie-and-mobilier/reparatii-mobilier/bistrita/,2026-01-26
https://www.meseriaslocal.ro/servicii/tamplarie-and-mobilier/reparatii-mobilier/ramnicu-valcea/,2026-01-26
https://www.meseriaslocal.ro/servicii/tamplarie-and-mobilier/reparatii-mobilier/timisoara/,2026-01-26
https://www.meseriaslocal.ro/servicii/tamplarie-mobilier/reparatii-mobilier/constanta/,2026-01-26
https://www.meseriaslocal.ro/servicii/tamplarie-mobilier/reparatii-mobilier/giurgiu/,2026-01-26
https://www.meseriaslocal.ro/servicii/tamplarie-and-mobilier/reparatii-mobilier/resita/,2026-01-26
https://www.meseriaslocal.ro/servicii/tamplarie-and-mobilier/reparatii-mobilier/turda/,2026-01-26
https://www.meseriaslocal.ro/servicii/tamplarie-mobilier/reparatii-mobilier/vaslui/,2026-01-26
https://www.meseriaslocal.ro/servicii/tamplarie-mobilier/reparatii-mobilier/bucuresti/,2026-01-25
https://www.meseriaslocal.ro/servicii/tamplarie-mobilier/reparatii-mobilier/craiova/,2026-01-25
https://www.meseriaslocal.ro/servicii/evenimente-media/organizare-evenimente/oradea,2026-01-25
https://www.meseriaslocal.ro/servicii/tamplarie-and-mobilier/reparatii-mobilier/targoviste/,2026-01-25
https://www.meseriaslocal.ro/servicii/tamplarie-mobilier/reparatii-mobilier/resita/,2026-01-25
https://www.meseriaslocal.ro/servicii/tamplarie-and-mobilier/reparatii-mobilier/slobozia/,2026-01-24
https://www.meseriaslocal.ro/servicii/tamplarie-mobilier/reparatii-mobilier/oradea/,2026-01-24
https://www.meseriaslocal.ro/servicii/tamplarie-mobilier/reparatii-mobilier/timisoara/,2026-01-24
https://www.meseriaslocal.ro/servicii/auto-utilaje/inchirieri-utilaje/calarasi,2026-01-24
https://www.meseriaslocal.ro/servicii/auto-utilaje/inchirieri-utilaje/ramnicu-valcea,2026-01-23
https://www.meseriaslocal.ro/servicii/evenimente-media/dj-sonorizare/bacau,2026-01-23
https://www.meseriaslocal.ro/servicii/evenimente-media/foto-video-evenimente/zalau,2026-01-23
https://www.meseriaslocal.ro/servicii/evenimente-media/organizare-evenimente/alba-iulia,2026-01-23
https://www.meseriaslocal.ro/servicii/tamplarie-and-mobilier/reparatii-mobilier/alba-iulia/,2026-01-23
https://www.meseriaslocal.ro/servicii/tamplarie-mobilier/reparatii-mobilier/roman/,2026-01-23
https://meseriaslocal.ro/blog/tamplari-mobilier-slatina,2026-01-23
https://meseriaslocal.ro/blog/constructori-slatina,2026-01-23
https://www.meseriaslocal.ro/servicii/auto-and-utilaje/inchirieri-utilaje/onesti,2026-01-23
https://www.meseriaslocal.ro/servicii/auto-utilaje/vulcanizare-tractari/aiud,2026-01-23
https://www.meseriaslocal.ro/servicii/constructii-and-structuri/demolari-decopertari/lugoj,2026-01-23
https://www.meseriaslocal.ro/servicii/evenimente-media/organizare-evenimente/piatra-neamt,2026-01-23
https://www.meseriaslocal.ro/servicii/servicii-specializate-consultanta/expertize-audit/dej,2026-01-23
https://meseriaslocal.ro/blog/parchetari-târgoviște,2026-01-23
https://meseriaslocal.ro/blog/instalatori-ac-bistrița,2026-01-23
https://meseriaslocal.ro/blog/electricieni-călărași,2026-01-23
https://meseriaslocal.ro/blog/fierari-botoșani,2026-01-23
https://meseriaslocal.ro/servicii/tamplarie-mobilier/mobilier-la-comanda/tarnaveni,2026-01-23
https://www.meseriaslocal.ro/servicii/amenajari-exterioare-gradina/montaj-pavaje/turnu-magurele,2026-01-23
https://www.meseriaslocal.ro/servicii/constructii-structuri/montaj-acoperisuri-pluviale/sighisoara,2026-01-23
https://www.meseriaslocal.ro/servicii/evenimente-media/dj-sonorizare/sibiu,2026-01-23
https://www.meseriaslocal.ro/servicii/instalatii-utilitati/instalatii-electrice/beclean,2026-01-23
https://www.meseriaslocal.ro/servicii/tamplarie-mobilier/reparatii-mobilier/iasi/,2026-01-23
https://www.meseriaslocal.ro/servicii/tamplarie-mobilier/reparatii-mobilier/slatina,2026-01-23
https://meseriaslocal.ro/blog/servicii-de-constructii-profesionale-in-romania,2026-01-23
https://meseriaslocal.ro/blog/curatenie-hunedoara,2026-01-23
https://www.meseriaslocal.ro/servicii/amenajari-exterioare/constructie-piscine/mamaia,2026-01-23
https://www.meseriaslocal.ro/servicii/auto-utilaje/vulcanizare-tractari/onesti,2026-01-23
https://www.meseriaslocal.ro/servicii/securitate-siguranta/supraveghere-video-intretinere/dorohoi,2026-01-23
https://www.meseriaslocal.ro/servicii/tamplarie-mobilier/reparatii-mobilier/slatina/,2026-01-23
https://meseriaslocal.ro/blog/tamplari-mobilier-bacău,2026-01-23
https://meseriaslocal.ro/servicii/reparatii-diverse/reparatii-electronice/cugir,2026-01-22
https://www.meseriaslocal.ro/servicii/amenajari-exterioare/constructie-terase/ocna-sugatag,2026-01-22
https://www.meseriaslocal.ro/servicii/curatenie-igienizare/spalare-fatade/lugoj,2026-01-22
https://www.meseriaslocal.ro/servicii/reparatii-diverse/reparatii-electronice/cugir,2026-01-22
https://www.meseriaslocal.ro/servicii/servicii-de-urgenta/electrician-urgente/dorohoi,2026-01-22
https://www.meseriaslocal.ro/servicii/tamplarie-mobilier/montaj-mobilier/aiud,2026-01-22
https://www.meseriaslocal.ro/servicii/tamplarie-mobilier/tamplarie-pvc-aluminiu-lemn/toplita,2026-01-22
https://www.meseriaslocal.ro/servicii/tamplarie-mobilier/tapiterie-reconditionare/codlea,2026-01-22
https://www.meseriaslocal.ro/meseriasi/vali-roofster-bucuresti-ae119108,2026-01-22
https://meseriaslocal.ro/blog/zugravi-timișoara,2026-01-22
https://meseriaslocal.ro/servicii/tamplarie-mobilier/mobilier-la-comanda/cugir,2026-01-22
https://www.meseriaslocal.ro/servicii/amenajari-exterioare-gradina/porti-automate/caracal,2026-01-22
https://www.meseriaslocal.ro/servicii/amenajari-interioare/montaj-rigips-compartimentari/aiud,2026-01-22
https://www.meseriaslocal.ro/servicii/constructii-structuri/fierarie-confectii-metalice/onesti,2026-01-22
https://www.meseriaslocal.ro/servicii/constructii-structuri/zidarie-tencuiala/borsec,2026-01-22
https://www.meseriaslocal.ro/servicii/instalatii-utilitati/instalare-panouri-solare-fotovoltaice/barlad,2026-01-22
https://www.meseriaslocal.ro/servicii/instalatii-utilitati/instalatii-sanitare/lugoj,2026-01-22
https://meseriaslocal.ro/servicii/amenajari-interioare/montaj-gresie-faianta-piatra/covasna,2026-01-22
https://meseriaslocal.ro/servicii/amenajari-interioare/montaj-rigips-compartimentari/dorohoi,2026-01-22
https://meseriaslocal.ro/servicii/servicii-specializate-consultanta/proiectare-arhitectura/gherla,2026-01-22
https://meseriaslocal.ro/servicii/tamplarie-mobilier/mobilier-la-comanda/miercurea-sibiului,2026-01-22
https://meseriaslocal.ro/servicii/tamplarie-mobilier/montaj-mobilier/sebes,2026-01-22
https://meseriaslocal.ro/blog/lacatusi-tulcea,2026-01-22
https://meseriaslocal.ro/blog/parchetari-brașov,2026-01-22
https://www.meseriaslocal.ro/servicii/constructii-structuri/montaj-acoperisuri-pluviale/medgidia,2026-01-22
https://www.meseriaslocal.ro/servicii/instalatii-utilitati/instalare-pompe-caldura/petrosani,2026-01-22
https://www.meseriaslocal.ro/servicii/instalatii/instalatii-gaz/aiud,2026-01-22
https://www.meseriaslocal.ro/servicii/tamplarie-mobilier/mobilier-la-comanda/cisnadie,2026-01-22
https://meseriaslocal.ro/blog/zugravi-craiova,2026-01-21
https://www.meseriaslocal.ro/servicii/amenajari-exterioare-gradina/instalare-irigatii/dorohoi,2026-01-21
https://www.meseriaslocal.ro/servicii/curatenie-igienizare/curatenie-dupa-constructor/vulcan,2026-01-21
https://www.meseriaslocal.ro/servicii/instalatii-utilitati/instalatii-gaz/aiud,2026-01-21
https://meseriaslocal.ro/blog/lacatusi-giurgiu,2026-01-21
https://www.meseriaslocal.ro/servicii/amenajari-exterioare-and-gradina/montaj-pavaje/barlad,2026-01-21
https://www.meseriaslocal.ro/servicii/reparatii-diverse/reparatii-electronice/baraolt,2026-01-21
https://www.meseriaslocal.ro/servicii/servicii-specializate-consultanta/proiectare-arhitectura/medgidia,2026-01-21
https://www.meseriaslocal.ro/servicii/tamplarie-mobilier/reparatii-mobilier/buzau/,2026-01-21
https://meseriaslocal.ro/blog/instalatori-ac-roșiorii-de-vede,2026-01-21
https://meseriaslocal.ro/blog/curatenie-bucurești,2026-01-21
https://meseriaslocal.ro/blog/constructori-brașov,2026-01-21
https://meseriaslocal.ro/blog/constructori-târgu-mureș,2026-01-21
https://meseriaslocal.ro/blog/gresieri-reșița,2026-01-21
https://meseriaslocal.ro/servicii/alte-servicii/servicii-sudura/cristuru-secuiesc,2026-01-21
https://meseriaslocal.ro/servicii/amenajari-interioare/montaj-gresie-faianta-piatra/cristuru-secuiesc,2026-01-21
https://meseriaslocal.ro/servicii/curatenie-igienizare/igienizare-climatizare/agnita,2026-01-21
https://meseriaslocal.ro/servicii/curatenie-igienizare/igienizare-climatizare/toplita,2026-01-21
https://meseriaslocal.ro/servicii/exterioare/garduri/Hârlău,2026-01-21
https://meseriaslocal.ro/servicii/finisaje/piatra-naturala/Avrig,2026-01-21
https://meseriaslocal.ro/servicii/instalatii/aer-conditionat/S%C3%A2nnicolau%20Mare,2026-01-21
https://meseriaslocal.ro/servicii/reparatii-diverse/reparatii-acoperisuri/targu-secuiesc,2026-01-21
https://meseriaslocal.ro/servicii/securitate-siguranta/instalare-sisteme-alarma/tarnaveni,2026-01-21
https://meseriaslocal.ro/servicii/tamplarie-mobilier/tapiterie-reconditionare/codlea,2026-01-21
https://meseriaslocal.ro/servicii/tamplarie-mobilier/tapiterie-reconditionare/covasna,2026-01-21
https://www.meseriaslocal.ro/servicii/amenajari-exterioare/constructie-piscine/frasin,2026-01-21
https://www.meseriaslocal.ro/servicii/servicii-specializate/mutari/busteni,2026-01-21
https://www.meseriaslocal.ro/servicii/tamplarie-mobilier/reparatii-mobilier/botosani/,2026-01-21
https://meseriaslocal.ro/servicii/constructii-structuri/zidarie-tencuiala/borsec,2026-01-21
https://www.meseriaslocal.ro/servicii/amenajari-exterioare-and-gradina/constructie-terase-foisoare/curtea-de-arges,2026-01-21
https://www.meseriaslocal.ro/servicii/amenajari-exterioare-gradina/constructie-garduri-porti/campina,2026-01-21
https://www.meseriaslocal.ro/servicii/auto-utilaje/detailing-auto/rosiorii-de-vede,2026-01-21
https://www.meseriaslocal.ro/servicii/auto-utilaje/inchirieri-utilaje/baia-mare,2026-01-21
https://www.meseriaslocal.ro/servicii/constructii-and-structuri/constructii-anexe-garaje/mangalia,2026-01-21
https://www.meseriaslocal.ro/servicii/constructii/constructii-case-lemn/panciu,2026-01-21
https://www.meseriaslocal.ro/servicii/evenimente-and-media/organizare-evenimente/satu-mare,2026-01-21
https://www.meseriaslocal.ro/servicii/evenimente-media/organizare-evenimente/satu-mare,2026-01-21
https://www.meseriaslocal.ro/servicii/instalatii-and-utilitati/detectare-scurgeri/dorohoi,2026-01-21
https://www.meseriaslocal.ro/servicii/instalatii-and-utilitati/instalatii-electrice/campulung,2026-01-21
https://www.meseriaslocal.ro/servicii/instalatii-utilitati/detectare-scurgeri/dorohoi,2026-01-21
https://www.meseriaslocal.ro/servicii/instalatii-utilitati/instalatii-electrice/campulung,2026-01-21
https://www.meseriaslocal.ro/servicii/securitate-and-siguranta/supraveghere-video-intretinere/odorheiu-secuiesc,2026-01-21
https://www.meseriaslocal.ro/servicii/securitate-siguranta/supraveghere-video-intretinere/odorheiu-secuiesc,2026-01-21
https://www.meseriaslocal.ro/servicii/servicii-specializate-and-consultanta/randari-3d/medgidia,2026-01-21
https://www.meseriaslocal.ro/servicii/servicii-specializate-and-consultanta/servicii-topografie-cadastru/dej,2026-01-21
https://www.meseriaslocal.ro/servicii/servicii-specializate-consultanta/consultanta-dirigentie/pascani,2026-01-21
https://www.meseriaslocal.ro/servicii/servicii-specializate-consultanta/servicii-topografie-cadastru/dej,2026-01-21
https://www.meseriaslocal.ro/servicii/tamplarie-and-mobilier/reparatii-mobilier/buzau/,2026-01-21
https://www.meseriaslocal.ro/servicii/tamplarie-and-mobilier/reparatii-mobilier/iasi/,2026-01-21
https://www.meseriaslocal.ro/servicii/tamplarie-and-mobilier/tapiterie-reconditionare/odorheiu-secuiesc,2026-01-21
https://meseriaslocal.ro/blog/curatenie-galați,2026-01-20
https://www.meseriaslocal.ro/servicii/constructii-structuri/consolidari-structuri/vulcan,2026-01-20
https://www.meseriaslocal.ro/servicii/finisaje/zugraveala/alexandria,2026-01-20
https://www.meseriaslocal.ro/servicii/auto-utilaje/vulcanizare-tractari/borsec,2026-01-20
https://meseriaslocal.ro/servicii/curatenie-igienizare/servicii-ddd/fetesti,2026-01-19
https://meseriaslocal.ro/servicii/instalatii-utilitati/detectare-scurgeri/borsec,2026-01-19
https://meseriaslocal.ro/servicii/securitate-siguranta/supraveghere-video-intretinere/covasna,2026-01-19
https://meseriaslocal.ro/servicii/amenajari-exterioare-gradina/toaletare-arbori/covasna,2026-01-19
https://www.meseriaslocal.ro/servicii/amenajari-interioare/montaj-rigips-compartimentari/caracal,2026-01-19
https://www.meseriaslocal.ro/servicii/amenajari-interioare/montaj-rigips-compartimentari/pascani,2026-01-19
https://www.meseriaslocal.ro/servicii/amenajari-interioare/montaj-rigips-compartimentari/romania,2026-01-19
https://www.meseriaslocal.ro/servicii/securitate-siguranta/instalare-sisteme-alarma/tarnaveni,2026-01-19
https://www.meseriaslocal.ro/servicii/tamplarie-and-mobilier/montaj-jaluzele-rulouri/petrosani,2026-01-19
https://meseriaslocal.ro/blog/parchetari-constanța,2026-01-19
https://www.meseriaslocal.ro/blog/parchetari-constanța,2026-01-19
https://meseriaslocal.ro/blog/parchetari-servicii,2026-01-18
https://meseriaslocal.ro/servicii/reparatii-diverse/reparatii-ferestre-usi/sighetu-marmatiei,2026-01-18
https://www.meseriaslocal.ro/servicii/alte-servicii/evacuare-moloz/gheorgheni,2026-01-18
https://www.meseriaslocal.ro/servicii/amenajari-exterioare-gradina/constructie-piscine/olimp,2026-01-18
https://www.meseriaslocal.ro/servicii/servicii-specializate-consultanta/expertize-audit/slanic-prahova,2026-01-18
https://www.meseriaslocal.ro/servicii/instalatii-utilitati/instalatii-termice/intorsura-buzaului,2026-01-18
https://www.meseriaslocal.ro/servicii/tamplarie-mobilier/mobilier-la-comanda/agnita,2026-01-18
https://www.meseriaslocal.ro/client-dashboard/overview,2026-01-18
https://meseriaslocal.ro/blog/zugravi-bucurești,2026-01-18
https://meseriaslocal.ro/servicii/servicii-de-urgenta/reparatii-urgente-acoperis/toplita,2026-01-18
https://meseriaslocal.ro/servicii/tamplarie-mobilier/mobilier-la-comanda/blaj,2026-01-18
https://meseriaslocal.ro/servicii/tamplarie-mobilier/tapiterie-reconditionare/agnita,2026-01-18
https://www.meseriaslocal.ro/servicii/amenajari-exterioare-gradina/constructie-piscine/sighetu-marmatiei,2026-01-18
https://www.meseriaslocal.ro/servicii/curatenie-igienizare/curatare-cosuri-fum/vlahita,2026-01-18
https://www.meseriaslocal.ro/servicii/instalatii-utilitati/instalatii-termice/rucar,2026-01-18
https://www.meseriaslocal.ro/servicii/instalatii/instalatii-electrice/medgidia,2026-01-18
https://www.meseriaslocal.ro/servicii/servicii-specializate/restaurari/campeni,2026-01-18
https://www.meseriaslocal.ro/servicii/tamplarie-and-mobilier/reparatii-mobilier/deva/,2026-01-18
https://www.meseriaslocal.ro/meseriasi/hritcu-claudiu-catalin-6e578571-4572-40f6-a1d1-adf2d0b30b5a,2026-01-18
https://meseriaslocal.ro/blog/lacatusi-timișoara,2026-01-18
https://www.meseriaslocal.ro/login?redirectTo=/jobs/c578131f-5a3b-4621-b100-296132e7ea71,2026-01-18
https://meseriaslocal.ro/servicii/alte-servicii/evacuare-moloz/zarnesti,2026-01-18
https://meseriaslocal.ro/servicii/renovari-interioare/montaj-usi/Bacău,2026-01-18
https://www.meseriaslocal.ro/servicii/tamplarie-mobilier/reparatii-mobilier/baia-mare/,2026-01-18
https://www.meseriaslocal.ro/servicii/tamplarie-mobilier/reparatii-mobilier/drobeta-turnu-severin/,2026-01-18
https://meseriaslocal.ro/blog/gresieri-râmnicu-vâlcea,2026-01-17
https://meseriaslocal.ro/servicii/servicii-specializate/audit-energetic/navodari?q=%7Bsearch_term_string%7D,2026-01-17
https://www.meseriaslocal.ro/servicii/alte-servicii/evacuare-moloz/zarnesti,2026-01-17
https://www.meseriaslocal.ro/servicii/finisaje/parchet/calarasi,2026-01-17
https://www.meseriaslocal.ro/servicii/instalatii-utilitati/verificari-revizii-tehnice/ocna-sibiului,2026-01-17
https://www.meseriaslocal.ro/servicii/servicii-de-urgenta/reparatii-urgente-acoperis/borsec,2026-01-17
https://www.meseriaslocal.ro/servicii/servicii-de-urgenta/reparatii-urgente-acoperis/gheorgheni,2026-01-17
https://www.meseriaslocal.ro/servicii/servicii-de-urgenta/reparatii-urgente-acoperis/toplita,2026-01-17
https://www.meseriaslocal.ro/servicii/tamplarie-and-mobilier/reparatii-mobilier/sfantu-gheorghe/,2026-01-17
https://www.meseriaslocal.ro/servicii/instalatii-utilitati/instalatii-gaz/pascani,2026-01-17
https://www.meseriaslocal.ro/servicii/servicii-specializate-consultanta/consultanta-dirigentie/fetesti,2026-01-17
https://www.meseriaslocal.ro/servicii/evenimente-media/foto-video-evenimente/constanta,2026-01-17
https://www.meseriaslocal.ro/servicii/instalatii/pompe-caldura/Petroșani,2026-01-17
https://meseriaslocal.ro/blog/curatenie-alba-iulia,2026-01-17
https://www.meseriaslocal.ro/servicii/instalatii-utilitati/instalatii-sanitare/sebes,2026-01-17
https://www.meseriaslocal.ro/servicii/securitate-siguranta/supraveghere-video-intretinere/covasna,2026-01-17
https://www.meseriaslocal.ro/meseriasi/cci-electric-srl-71c3de70-5eeb-4e28-972b-bee84f6bd631,2026-01-16
https://meseriaslocal.ro/servicii/amenajari-interioare/montaj-gresie-faianta-piatra/sighisoara,2026-01-16
https://meseriaslocal.ro/servicii/finisaje/pardoseli-epoxidice/Satu Mare,2026-01-16
https://meseriaslocal.ro/servicii/servicii-de-urgenta/instalator-urgente/saliste,2026-01-16
https://www.meseriaslocal.ro/servicii/constructii-structuri/montaj-acoperisuri-pluviale/petrila,2026-01-16
https://www.meseriaslocal.ro/servicii/instalatii/instalatii-termice/cap-aurora,2026-01-16
https://meseriaslocal.ro/blog/rigipsul-avantaje-utilizari-si-recomandari,2026-01-16
https://www.meseriaslocal.ro/servicii/amenajari-exterioare-gradina/montaj-copertine/gherla,2026-01-16
https://www.meseriaslocal.ro/servicii/amenajari-exterioare-gradina/porti-automate/cristuru-secuiesc,2026-01-16
https://www.meseriaslocal.ro/servicii/amenajari-interioare/aplicare-decorativa-tapet/sighetu-marmatiei,2026-01-16
https://www.meseriaslocal.ro/servicii/servicii-de-urgenta/lacatus-deblocari-usi/agnita,2026-01-16
https://www.meseriaslocal.ro/servicii/tamplarie-and-mobilier/reparatii-mobilier/ploiesti/,2026-01-16
https://www.meseriaslocal.ro/servicii/tamplarie-mobilier/mobilier-la-comanda/blaj,2026-01-16
https://www.meseriaslocal.ro/servicii/tamplarie-mobilier/montaj-mobilier/husi,2026-01-16
https://www.meseriaslocal.ro/servicii/tamplarie-mobilier/tamplarie-pvc-aluminiu-lemn/ocna-sibiului,2026-01-16
https://meseriaslocal.ro/blog/zugravi-bucuresti,2026-01-16
https://meseriaslocal.ro/servicii/constructii/demolari/suceava,2026-01-16
https://meseriaslocal.ro/servicii/amenajari-exterioare/montaj-garduri-porti/negresti,2026-01-16
https://www.meseriaslocal.ro/servicii/constructii/fundatii/alba-iulia,2026-01-15
https://www.meseriaslocal.ro/servicii/instalatii/instalare-panouri-solare/braila,2026-01-15
https://www.meseriaslocal.ro/servicii/instalatii/instalare-panouri-solare/roman,2026-01-15
https://www.meseriaslocal.ro/servicii/instalatii/instalator-gaz/carei,2026-01-15
https://www.meseriaslocal.ro/servicii/renovari-interioare/zugravit/Ovidiu,2026-01-15
https://www.meseriaslocal.ro/servicii/servicii-de-urgenta/electrician-urgente/fetesti,2026-01-15
https://meseriaslocal.ro/blog/constructori-târgoviște,2026-01-15
https://www.meseriaslocal.ro/servicii/amenajari-interioare/zugraveli-vopsitorii/romania,2026-01-15
https://meseriaslocal.ro/blog/tamplari-servicii,2026-01-15
https://meseriaslocal.ro/blog/lacatusi-călărași,2026-01-15
https://meseriaslocal.ro/blog/tamplari-baia-mare,2026-01-15
https://meseriaslocal.ro/servicii/alte-servicii/evacuare-moloz/gheorgheni,2026-01-15
https://meseriaslocal.ro/servicii/servicii-de-urgenta/reparatii-urgente-acoperis/gheorgheni,2026-01-15
https://www.meseriaslocal.ro/servicii/renovari-interioare/raschetare-parchet/chisineu-cris,2026-01-15
https://www.meseriaslocal.ro/servicii/servicii-de-urgenta/lacatus-deblocari-usi/romania,2026-01-15
https://www.meseriaslocal.ro/meseriasi/mihai-mihai-c5b3f184-e3ce-4d73-be7c-63812cb13165,2026-01-15
https://www.meseriaslocal.ro/meseriasi/mihai-victor-d571b975-88b5-4353-b935-5a1309659974,2026-01-15
https://meseriaslocal.ro/blog/lacatusi-reghin,2026-01-15
https://meseriaslocal.ro/blog/tamplari-mobilier-ploiești,2026-01-15
https://meseriaslocal.ro/servicii/curatenie-igienizare/servicii-ddd/navodari,2026-01-14
https://www.meseriaslocal.ro/servicii/constructii/constructii-case-lemn/baile-1-mai,2026-01-14
https://www.meseriaslocal.ro/servicii/curatenie-igienizare/igienizare-climatizare/codlea,2026-01-14
https://www.meseriaslocal.ro/servicii/securitate-siguranta/instalare-camere-supraveghere/lugoj,2026-01-14
https://www.meseriaslocal.ro/servicii/tamplarie-mobilier/tapiterie-reconditionare/covasna,2026-01-14
https://meseriaslocal.ro/blog/acoperisuri-sibiu,2026-01-14
https://meseriaslocal.ro/blog/lacatusi-galați,2026-01-14
https://meseriaslocal.ro/blog/fierari-slatina,2026-01-14
https://meseriaslocal.ro/blog/tamplari-bârlad,2026-01-14
https://meseriaslocal.ro/blog/electricieni-sibiu,2026-01-14
https://meseriaslocal.ro/servicii/curatenie-igienizare/igienizare-climatizare/baraolt,2026-01-14
https://meseriaslocal.ro/servicii/tamplarie-mobilier/montaj-mobilier/gherla,2026-01-14
https://www.meseriaslocal.ro/servicii/amenajari-interioare/montaj-gresie-faianta-piatra/zarnesti,2026-01-14
https://www.meseriaslocal.ro/servicii/instalatii/instalatii-gaz/vicovu-de-sus,2026-01-14
"https://www.meseriaslocal.ro/servicii/reparatii-intretinere/reparatii-electronice/Băile 
Herculane",2026-01-14
https://www.meseriaslocal.ro/servicii/servicii-generale/transport/sadova,2026-01-14
https://meseriaslocal.ro/blog/ghid-electricieni,2026-01-14
https://meseriaslocal.ro/servicii/instalatii-utilitati/sisteme-drenaj/petrila,2026-01-14
"https://meseriaslocal.ro/servicii/servicii-specializate/topografie/Târgu 
Cărbuneşti",2026-01-14
https://www.meseriaslocal.ro/meseriasi/vasile-constructor-3bc5a2a7-299e-4156-a6c9-3c54bb7d68e2,2026-01-14
https://www.meseriaslocal.ro/meseriasi/gherman-dcfacff9-bd1d-4765-a478-f642a7aa66df,2026-01-14
https://meseriaslocal.ro/servicii/exterioare/iluminat-exterior/T%C3%A2rgu%20Mure%C8%99,2026-01-14
https://meseriaslocal.ro/servicii/servicii-specializate-consultanta/consultanta-dirigentie/cugir,2026-01-14
https://www.meseriaslocal.ro/servicii/servicii-specializate/expertize-tehnice/sinaia,2026-01-14
https://meseriaslocal.ro/blog/instalatori-iași,2026-01-14
https://meseriaslocal.ro/blog/acoperisuri-târgu-mureș,2026-01-14
https://meseriaslocal.ro/blog/instalatori-ac-timișoara,2026-01-14
https://meseriaslocal.ro/blog/electricieni-ploiesti,2026-01-14
https://meseriaslocal.ro/blog/curatenie-satu-mare,2026-01-14
https://www.meseriaslocal.ro/servicii/curatenie-and-igienizare/curatenie-generala/barlad,2026-01-13
https://www.meseriaslocal.ro/servicii/instalatii-utilitati/instalare-panouri-solare-fotovoltaice/rasnov,2026-01-13
https://meseriaslocal.ro/blog/constructori-arad,2026-01-13
https://meseriaslocal.ro/blog/tamplari-bucurești,2026-01-13
https://www.meseriaslocal.ro/meseriasi/ianchis-paul-854db5c3-0e0a-4d64-8aa0-b8a5c8b00f20,2026-01-13
https://meseriaslocal.ro/servicii/amenajari-interioare/montaj-gresie-faianta-piatra/zarnesti,2026-01-13
https://www.meseriaslocal.ro/servicii/curatenie-igienizare/igienizare-climatizare/agnita,2026-01-13
https://meseriaslocal.ro/blog/constructii-case,2026-01-13
https://meseriaslocal.ro/blog/tamplari-botoșani,2026-01-13
https://meseriaslocal.ro/blog/constructori-reghin,2026-01-13
https://meseriaslocal.ro/blog/curatenie-roșiorii-de-vede,2026-01-13
https://www.meseriaslocal.ro/servicii/amenajari-exterioare-and-gradina/amenajari-gradina/odorheiu-secuiesc,2026-01-13
https://www.meseriaslocal.ro/servicii/amenajari-exterioare/gradinar/odorheiu-secuiesc,2026-01-13
https://www.meseriaslocal.ro/servicii/auto-utilaje/detailing-auto/balan,2026-01-13
https://www.meseriaslocal.ro/servicii/constructii-structuri/constructii-anexe-garaje/zarnesti,2026-01-13
https://www.meseriaslocal.ro/servicii/curatenie-igienizare/igienizare-climatizare/baraolt,2026-01-13
https://www.meseriaslocal.ro/servicii/instalatii-utilitati/instalatii-electrice/copsa-mica,2026-01-13
https://www.meseriaslocal.ro/servicii/tamplarie-and-mobilier/reparatii-mobilier/brasov/,2026-01-13
https://www.meseriaslocal.ro/servicii/tamplarie-and-mobilier/reparatii-mobilier/bucuresti/,2026-01-13
https://www.meseriaslocal.ro/servicii/tamplarie-and-mobilier/reparatii-mobilier/constanta/,2026-01-13
https://www.meseriaslocal.ro/servicii/tamplarie-and-mobilier/reparatii-mobilier/oradea/,2026-01-13
https://www.meseriaslocal.ro/servicii/tamplarie-and-mobilier/reparatii-mobilier/vaslui/,2026-01-13
https://www.meseriaslocal.ro/servicii/tamplarie-mobilier/reparatii-mobilier/focsani/,2026-01-13
https://meseriaslocal.ro/blog/tamplari-piatra-neamț,2026-01-13
https://meseriaslocal.ro/blog/electricieni-bucurești,2026-01-13
https://meseriaslocal.ro/servicii/constructii-structuri/montaj-acoperisuri-pluviale/petrila,2026-01-13
https://meseriaslocal.ro/servicii/instalatii-utilitati/instalare-panouri-solare-fotovoltaice/rasnov,2026-01-13
https://meseriaslocal.ro/servicii/tamplarie-mobilier/mobilier-la-comanda/vlahita,2026-01-13
https://www.meseriaslocal.ro/servicii/renovari-interioare/montaj-usi/focsani,2026-01-12
https://www.meseriaslocal.ro/servicii/reparatii-intretinere/reparatii-termopane/Craiova,2026-01-12
https://www.meseriaslocal.ro/servicii/servicii-specializate/mutari/straja,2026-01-12
https://www.meseriaslocal.ro/servicii/finisaje/montator-usi-finisaje/vicovu-de-jos,2026-01-12
https://www.meseriaslocal.ro/servicii/reparatii-diverse/reparatii-electrocasnice/lupeni,2026-01-12
https://www.meseriaslocal.ro/servicii/tamplarie-and-mobilier/reparatii-mobilier/baia-mare/,2026-01-12
https://meseriaslocal.ro/servicii/auto-utilaje/reparatii-mecanica-auto/sebes,2026-01-12
https://meseriaslocal.ro/servicii/constructii/montator-usi-constructii/sibiu,2026-01-12
https://meseriaslocal.ro/servicii/servicii-specializate-consultanta/proiectare-arhitectura/copsa-mica,2026-01-12
https://meseriaslocal.ro/blog/tamplari-cluj-napoca,2026-01-12
https://www.meseriaslocal.ro/servicii/tamplarie-and-mobilier/reparatii-mobilier/giurgiu/,2026-01-12
https://meseriaslocal.ro/blog/lacatusi-bistrița,2026-01-12
https://meseriaslocal.ro/blog/zugravi-constanța,2026-01-11
https://meseriaslocal.ro/blog/electricieni-suceava,2026-01-11
https://meseriaslocal.ro/blog/parchetari-vaslui,2026-01-11
https://meseriaslocal.ro/blog/instalatori-satu-mare,2026-01-11
https://meseriaslocal.ro/blog/tamplari-mobilier-servicii,2026-01-11
https://meseriaslocal.ro/blog/constructii-&-structuri,2026-01-11
https://meseriaslocal.ro/blog/tamplari-mobilier-cluj-napoca,2026-01-11
https://meseriaslocal.ro/blog/instalatori-ac-iași,2026-01-11
https://meseriaslocal.ro/blog/ghid-parchetari,2026-01-11
https://meseriaslocal.ro/blog/instalatii-termice-sanitare-electrice,2026-01-11
https://meseriaslocal.ro/servicii/reparatii-diverse/reparatii-centrale-termice/fagaras,2026-01-11
https://meseriaslocal.ro/blog/parchetari-alexandria,2026-01-11
https://meseriaslocal.ro/blog/lacatusi-târgu-mureș,2026-01-11
https://meseriaslocal.ro/blog/gresieri-oradea,2026-01-11
https://meseriaslocal.ro/blog/instalatori-giurgiu,2026-01-11
https://meseriaslocal.ro/blog/garduri-servicii,2026-01-11
https://meseriaslocal.ro/blog/zugravi-servicii,2026-01-11
https://meseriaslocal.ro/blog/instalatori-ac-arad,2026-01-11
https://meseriaslocal.ro/servicii/curatenie-igienizare/servicii-ddd/talmaciu,2026-01-11
https://meseriaslocal.ro/servicii/servicii-specializate/restaurari/Otopeni,2026-01-11
https://www.meseriaslocal.ro/servicii/curatenie-igienizare/curatare-tapiterii/rosiorii-de-vede,2026-01-11
https://www.meseriaslocal.ro/servicii/tamplarie-mobilier/reparatii-mobilier/bacau/,2026-01-11
https://meseriaslocal.ro/blog/curatenie-oradea,2026-01-11
https://meseriaslocal.ro/blog/tamplari-arad,2026-01-11
https://meseriaslocal.ro/servicii/auto-utilaje/detailing-auto/balan,2026-01-11
https://meseriaslocal.ro/servicii/servicii-specializate-consultanta/randari-3d/gheorgheni,2026-01-11
https://www.meseriaslocal.ro/servicii/curatenie-igienizare/servicii-ddd/fagaras,2026-01-11
https://www.meseriaslocal.ro/servicii/servicii-specializate-consultanta/randari-3d/gheorgheni,2026-01-11
https://meseriaslocal.ro/blog/instalatori-drobeta-turnu-severin,2026-01-10
https://meseriaslocal.ro/servicii/amenajari-interioare/montaj-seminee/fetesti,2026-01-10
https://meseriaslocal.ro/servicii/exterioare/piscine/alesd,2026-01-10
https://meseriaslocal.ro/servicii/instalatii-utilitati/instalatii-electrice/copsa-mica,2026-01-10
https://meseriaslocal.ro/servicii/securitate-siguranta/supraveghere-video-intretinere/saliste,2026-01-10
https://meseriaslocal.ro/blog/constructori-bacău,2026-01-10
https://meseriaslocal.ro/blog/tamplari-mobilier-târgoviște,2026-01-10
https://meseriaslocal.ro/blog/tamplari-satu-mare,2026-01-10
https://meseriaslocal.ro/blog/tamplari-mobilier-iași,2026-01-10
https://meseriaslocal.ro/blog/parchetari-deva,2026-01-10
https://meseriaslocal.ro/servicii/curatenie-igienizare/igienizare-climatizare/sebes,2026-01-10
https://meseriaslocal.ro/blog/tamplari-drobeta-turnu-severin,2026-01-10
https://meseriaslocal.ro/blog/tamplari-mobilier-baia-mare,2026-01-10
https://meseriaslocal.ro/servicii/amenajari-interioare/aplicare-decorativa-tapet/toplita,2026-01-10
https://meseriaslocal.ro/servicii/constructii/fundatii/Mioveni,2026-01-10
https://www.meseriaslocal.ro/servicii/amenajari-interioare/aplicare-decorativa-tapet/toplita,2026-01-10
https://www.meseriaslocal.ro/servicii/instalatii/instalatori,2026-01-10
https://www.meseriaslocal.ro/servicii/servicii-specializate-consultanta/consultanta-dirigentie/cugir,2026-01-10
https://www.meseriaslocal.ro/servicii/tamplarie-mobilier/mobilier-la-comanda/miercurea-sibiului,2026-01-10
https://www.meseriaslocal.ro/servicii/tamplarie-and-mobilier/reparatii-mobilier/zalau/,2026-01-09
https://www.meseriaslocal.ro/servicii/amenajari-exterioare-gradina/iluminat-exterior/sovata,2026-01-09
https://www.meseriaslocal.ro/servicii/renovari-interioare/montaj-tavane-false/radauti,2026-01-09
https://meseriaslocal.ro/servicii/auto-utilaje/vulcanizare-tractari/balan,2026-01-09
https://www.meseriaslocal.ro/servicii/tamplarie-mobilier/tamplarie-pvc-aluminiu-lemn/ineu,2026-01-09
https://www.meseriaslocal.ro/servicii/alte-servicii/servicii-sudura/cristuru-secuiesc,2026-01-09
https://www.meseriaslocal.ro/servicii/amenajari-interioare/montaj-gresie-faianta-piatra/mangalia,2026-01-09
https://www.meseriaslocal.ro/servicii/amenajari-interioare/montaj-gresie-faianta-piatra/sighisoara,2026-01-09
https://www.meseriaslocal.ro/servicii/curatenie-igienizare/servicii-ddd/ocna-sibiului,2026-01-09
https://www.meseriaslocal.ro/servicii/instalatii-utilitati/instalatii-sanitare/copsa-mica,2026-01-09
https://www.meseriaslocal.ro/meseriasi/hidroserv-solution-02f902f6-69d9-41ef-b10f-190b09ae9a8a,2026-01-08
https://www.meseriaslocal.ro/servicii/servicii/instalatii-utilitati/instalatii-electrice//,2026-01-08
https://meseriaslocal.ro/blog/lacatusi-cluj-napoca,2026-01-08
https://www.meseriaslocal.ro/servicii/evenimente-media/dj-sonorizare/tecuci,2026-01-08
https://www.meseriaslocal.ro/servicii/instalatii/instalatii-sanitare/vicovu-de-sus,2026-01-08
https://www.meseriaslocal.ro/servicii/reparatii-diverse/reparatii-jaluzele-rulouri/rasnov,2026-01-08
https://meseriaslocal.ro/servicii/reparatii-diverse/reparatii-electrocasnice/tarnaveni,2026-01-08
https://www.meseriaslocal.ro/servicii/amenajari-interioare/montaj-gresie-faianta-piatra/avrig,2026-01-07
https://www.meseriaslocal.ro/servicii/instalatii-utilitati/automatizari-smart-home/sighisoara,2026-01-07
https://www.meseriaslocal.ro/servicii/renovari-interioare/montaj-feronerie/ranca,2026-01-07
https://www.meseriaslocal.ro/servicii/tamplarie-mobilier/montaj-mobilier/toplita,2026-01-07
https://www.meseriaslocal.ro/meseriasi/silviu-5f06f775-6a59-4223-a157-a775a27d878a,2026-01-07
https://www.meseriaslocal.ro/meseriasi/mica-daniel-d918d669-085f-46ca-a9de-b0796afadb82,2026-01-07
https://meseriaslocal.ro/servicii/amenajari-exterioare-gradina/toaletare-arbori/cugir,2026-01-07
https://meseriaslocal.ro/servicii/instalatii-utilitati/instalatii-termice/intorsura-buzaului,2026-01-07
https://www.meseriaslocal.ro/servicii/servicii/servicii-de-urgenta/lacatus-deblocari-usi/bucuresti//,2026-01-06
https://www.meseriaslocal.ro/servicii/amenajari-exterioare-gradina/amenajari-gradina/odorheiu-secuiesc,2026-01-06
https://meseriaslocal.ro/blog/zugravi-iasi,2026-01-06
https://www.meseriaslocal.ro/servicii/constructii-structuri/zidarie-tencuiala/fagaras,2026-01-06
https://www.meseriaslocal.ro/meseriasi/meserias-constructie-si-intre-suceava-7b24a57f,2026-01-06
https://meseriaslocal.ro/blog/fierari-oradea,2026-01-06
https://meseriaslocal.ro/blog/garduri-sibiu,2026-01-06
https://meseriaslocal.ro/servicii/constructii-structuri/constructii-anexe-garaje/zarnesti,2026-01-06
https://meseriaslocal.ro/servicii/servicii-specializate/consultanta-constructii,2026-01-06
https://meseriaslocal.ro/servicii/servicii-specializate/curatenie/stei,2026-01-06
https://www.meseriaslocal.ro/servicii/servicii-de-urgenta/lacatus-deblocari-usi/onesti,2026-01-06
https://meseriaslocal.ro/blog/garduri-tulcea,2026-01-05
https://www.meseriaslocal.ro/servicii/constructii/fundatii/vulcan,2026-01-05
https://www.meseriaslocal.ro/servicii/servicii-de-urgenta/instalator-urgente/intorsura-buzaului,2026-01-05
https://www.meseriaslocal.ro/servicii/tamplarie-and-mobilier/reparatii-mobilier/drobeta-turnu-severin/,2026-01-05
https://www.meseriaslocal.ro/servicii/tamplarie-and-mobilier/reparatii-mobilier/roman/,2026-01-05
https://meseriaslocal.ro/blog/curatenie-constanța,2026-01-05
https://meseriaslocal.ro/servicii/amenajari-interioare/zugraveli-vopsitorii/vlahita,2026-01-05
https://meseriaslocal.ro/servicii/curatenie-igienizare/servicii-ddd/rasnov,2026-01-05
https://www.meseriaslocal.ro/servicii/amenajari-interioare/montaj-gresie-faianta-piatra/covasna,2026-01-05
https://www.meseriaslocal.ro/servicii/constructii/parchetar-constructii/moldova-noua,2026-01-05
https://www.meseriaslocal.ro/servicii/instalatii-utilitati/sisteme-drenaj/petrila,2026-01-05
https://www.meseriaslocal.ro/servicii/tamplarie-and-mobilier/reparatii-mobilier/slatina/,2026-01-05
https://www.meseriaslocal.ro/servicii/tamplarie-mobilier/tamplarie-pvc-aluminiu-lemn/gherla,2026-01-05
https://meseriaslocal.ro/blog/demolari-piatra-neamț,2026-01-05
https://www.meseriaslocal.ro/meseriasi/vali-roofster-montaj-si-reparatii--bucuresti-ae119108,2026-01-05
https://meseriaslocal.ro/blog/electricieni-iași,2026-01-05
https://meseriaslocal.ro/servicii/servicii-de-urgenta/instalator-urgente/intorsura-buzaului,2026-01-05
https://meseriaslocal.ro/servicii/servicii-specializate/restaurari/Reghin,2026-01-05
https://meseriaslocal.ro/servicii/servicii-specializate/topografie/Poiana%20Bra%C8%99ov,2026-01-05
https://meseriaslocal.ro/servicii/tamplarie-mobilier/tamplarie-pvc-aluminiu-lemn/gherla,2026-01-05
https://www.meseriaslocal.ro/servicii/amenajari-exterioare/drenaj-teren/fundata,2026-01-05
https://www.meseriaslocal.ro/servicii/amenajari-exterioare/pavator/hunedoara,2026-01-05
https://www.meseriaslocal.ro/servicii/constructii/montator-usi-constructii/cheia,2026-01-05
https://www.meseriaslocal.ro/servicii/finisaje/faiantar-finisaje/viseu-de-sus,2026-01-05
https://www.meseriaslocal.ro/servicii/finisaje/parchetar-finisaje/segarcea,2026-01-05
https://www.meseriaslocal.ro/servicii/tamplarie-and-mobilier/reparatii-mobilier/bacau/,2026-01-05
https://www.meseriaslocal.ro/login?redirectTo=/solicitari/job-nou-4cff29,2026-01-04
https://meseriaslocal.ro/blog/tamplari-mobilier-drobeta-turnu-severin,2026-01-04
https://meseriaslocal.ro/blog/tamplari-mobilier-roșiorii-de-vede,2026-01-04
https://meseriaslocal.ro/blog/tamplari-mobilier-timișoara,2026-01-04
https://meseriaslocal.ro/blog/tamplari-alba-iulia,2026-01-04
https://meseriaslocal.ro/servicii/curatenie-igienizare/servicii-ddd/sebes,2026-01-04
https://meseriaslocal.ro/servicii/finisaje/piatra-naturala/focsani,2026-01-04
https://meseriaslocal.ro/servicii/instalatii/instalare-panouri-solare/ilfov,2026-01-04
https://meseriaslocal.ro/servicii/renovari-interioare/montaj-usi/ocna-mures,2026-01-04
https://www.meseriaslocal.ro/servicii/amenajari-exterioare/constructie-piscine/borsec,2026-01-04
https://www.meseriaslocal.ro/servicii/amenajari-exterioare/constructie-terase/campeni,2026-01-04
https://www.meseriaslocal.ro/servicii/constructii/tamplar-constructii/ranca,2026-01-04
https://www.meseriaslocal.ro/servicii/curatenie-igienizare/servicii-ddd/borsec,2026-01-04
https://www.meseriaslocal.ro/servicii/curatenie-igienizare/servicii-ddd/sebes,2026-01-04
https://www.meseriaslocal.ro/servicii/finisaje/parchetar-finisaje/turnu-magurele,2026-01-04
https://www.meseriaslocal.ro/servicii/renovari-interioare/izolatie-termica/husi,2026-01-04
https://www.meseriaslocal.ro/servicii/reparatii-intretinere/reparatii-electronice/Lugoj,2026-01-04
https://www.meseriaslocal.ro/servicii/tamplarie-and-mobilier/reparatii-mobilier/botosani/,2026-01-04
https://meseriaslocal.ro/blog/constructori-constanța,2026-01-04
https://www.meseriaslocal.ro/servicii/amenajari-exterioare-gradina/porti-automate/balan,2026-01-04
https://www.meseriaslocal.ro/servicii/amenajari-interioare/zugraveli-vopsitorii/campina,2026-01-04
https://www.meseriaslocal.ro/servicii/amenajari-interioare/zugraveli-vopsitorii/onesti,2026-01-04
https://www.meseriaslocal.ro/servicii/curatenie-igienizare/igienizare-climatizare/sebes,2026-01-04
https://www.meseriaslocal.ro/servicii/instalatii/electrice/Beclean,2026-01-04
https://meseriaslocal.ro/meseriasi/46a80c83-282d-4fde-8121-11debb1c74fb,2026-01-04
https://meseriaslocal.ro/blog/curatenie-brașov,2026-01-04
https://meseriaslocal.ro/servicii/amenajari-interioare/scari-interioare/rosiorii-de-vede,2026-01-04
https://meseriaslocal.ro/servicii/reparatii-diverse/reparatii-centrale-termice/talmaciu,2026-01-04
https://meseriaslocal.ro/servicii/reparatii-intretinere/reparatii-acoperis/draganesti-olt,2026-01-04
https://meseriaslocal.ro/servicii/reparatii-intretinere/reparatii-electronice/Lugoj,2026-01-04
https://www.meseriaslocal.ro/servicii/amenajari-exterioare-gradina/constructie-garduri-porti/ocna-sibiului,2026-01-04
https://www.meseriaslocal.ro/servicii/amenajari-exterioare-gradina/montaj-pavaje/codlea,2026-01-04
https://www.meseriaslocal.ro/servicii/constructii/consolidari-cladiri/calafat,2026-01-04
https://www.meseriaslocal.ro/servicii/design-si-decor/designer-interior/bistrita,2026-01-04
https://www.meseriaslocal.ro/servicii/finisaje/profile-decorative/reghin,2026-01-04
https://www.meseriaslocal.ro/servicii/instalatii-utilitati/detectare-scurgeri/borsec,2026-01-04
https://www.meseriaslocal.ro/servicii/instalatii/sisteme-ventilatie/vama,2026-01-04
https://www.meseriaslocal.ro/servicii/renovari-interioare/raschetare-parchet/arad,2026-01-04
https://www.meseriaslocal.ro/servicii/reparatii-diverse/reparatii-acoperisuri/targu-secuiesc,2026-01-04
https://www.meseriaslocal.ro/servicii/reparatii-diverse/reparatii-centrale-termice/talmaciu,2026-01-04
https://www.meseriaslocal.ro/login?redirectTo=/solicitari/renovat-scara-de-galati-9f2801,2026-01-04
https://meseriaslocal.ro/servicii/amenajari-interioare/montaj-parchet-laminat/gheorgheni,2026-01-03
https://meseriaslocal.ro/servicii/securitate-siguranta/supraveghere-video-intretinere/copsa-mica,2026-01-03
https://www.meseriaslocal.ro/servicii/amenajari-exterioare-and-gradina/amenajari-gradina/navodari,2026-01-03
https://www.meseriaslocal.ro/servicii/amenajari-exterioare-and-gradina/toaletare-arbori/rosiorii-de-vede,2026-01-03
https://www.meseriaslocal.ro/servicii/amenajari-exterioare/constructie-piscine/durau,2026-01-03
https://www.meseriaslocal.ro/servicii/amenajari-exterioare/constructie-piscine/sighetu-marmatiei,2026-01-03
https://www.meseriaslocal.ro/servicii/amenajari-exterioare/drenaj-teren/ocna-sibiului,2026-01-03
https://www.meseriaslocal.ro/servicii/amenajari-exterioare/gradinarit/marghita,2026-01-03
https://www.meseriaslocal.ro/servicii/amenajari-exterioare/iluminat-exterior/darabani,2026-01-03
https://www.meseriaslocal.ro/servicii/amenajari-exterioare/montaj-garduri-porti/lipova,2026-01-03
https://www.meseriaslocal.ro/servicii/amenajari-interioare/montaj-pardoseli/medgidia,2026-01-03
https://www.meseriaslocal.ro/servicii/constructii-and-structuri/demolari-decopertari/campulung,2026-01-03
https://www.meseriaslocal.ro/servicii/constructii-structuri/demolari-decopertari/campulung,2026-01-03
https://www.meseriaslocal.ro/servicii/constructii-structuri/zidarie-tencuiala/comanesti,2026-01-03
https://www.meseriaslocal.ro/servicii/constructii/faiantar-constructii/calafat,2026-01-03
https://www.meseriaslocal.ro/servicii/constructii/faiantar-constructii/cugir,2026-01-03
https://www.meseriaslocal.ro/servicii/constructii/fundatii/fieni,2026-01-03
https://www.meseriaslocal.ro/servicii/constructii/fundatii/predeal,2026-01-03
https://www.meseriaslocal.ro/servicii/constructii/fundatii/segarcea,2026-01-03
https://www.meseriaslocal.ro/servicii/constructii/montator-pvc-constructii/rucar,2026-01-03
https://www.meseriaslocal.ro/servicii/constructii/montator-usi-constructii/lupeni,2026-01-03
https://www.meseriaslocal.ro/servicii/constructii/zugrav-constructii/covasna,2026-01-03
https://www.meseriaslocal.ro/servicii/curatenie-and-igienizare/servicii-ddd/curtea-de-arges,2026-01-03
https://www.meseriaslocal.ro/servicii/curatenie-igienizare/igienizare-climatizare/avrig,2026-01-03
https://www.meseriaslocal.ro/servicii/curatenie-igienizare/servicii-ddd/curtea-de-arges,2026-01-03
https://www.meseriaslocal.ro/servicii/design-si-decor/montator-mobilier/bacau,2026-01-03
https://www.meseriaslocal.ro/servicii/evenimente-and-media/dj-sonorizare/hunedoara,2026-01-03
https://www.meseriaslocal.ro/servicii/evenimente-and-media/dj-sonorizare/sibiu,2026-01-03
https://www.meseriaslocal.ro/servicii/finisaje/faiantar-finisaje/fetesti,2026-01-03
https://www.meseriaslocal.ro/servicii/finisaje/faiantar-finisaje/giurgiu,2026-01-03
https://www.meseriaslocal.ro/servicii/finisaje/faiantar-finisaje/pecica,2026-01-03
https://www.meseriaslocal.ro/servicii/finisaje/faiantar-finisaje/vama,2026-01-03
https://www.meseriaslocal.ro/servicii/finisaje/gipsar-finisaje/hateg,2026-01-03
https://www.meseriaslocal.ro/servicii/finisaje/montaj-parchet-finisaje/nasaud,2026-01-03
https://www.meseriaslocal.ro/servicii/finisaje/piatra-naturala/Avrig,2026-01-03
https://www.meseriaslocal.ro/servicii/finisaje/piatra-naturala/Reghin?q=%7Bsearch_term_string%7D,2026-01-03
https://www.meseriaslocal.ro/servicii/instalatii-and-utilitati/instalare-pompe-caldura/petrosani,2026-01-03
https://www.meseriaslocal.ro/servicii/instalatii-utilitati/instalatii-electrice/mangalia,2026-01-03
https://www.meseriaslocal.ro/servicii/instalatii-utilitati/sisteme-drenaj/barlad,2026-01-03
https://www.meseriaslocal.ro/servicii/instalatii/instalare-panouri-solare/hunedoara,2026-01-03
https://www.meseriaslocal.ro/servicii/instalatii/instalatii-electrice/mangalia,2026-01-03
https://www.meseriaslocal.ro/servicii/instalatii/montaj-aer-conditionat/radauti,2026-01-03
https://www.meseriaslocal.ro/servicii/renovari-interioare/izolatie-termica/Giurgiu,2026-01-03
https://www.meseriaslocal.ro/servicii/renovari-interioare/montaj-parchet/caransebes,2026-01-03
https://www.meseriaslocal.ro/servicii/renovari-interioare/montaj-rigips/viseu-de-sus,2026-01-03
https://www.meseriaslocal.ro/servicii/renovari-interioare/montaj-tavane-false/calarasi,2026-01-03
https://www.meseriaslocal.ro/servicii/renovari-interioare/montaj-usi/pecica,2026-01-03
https://www.meseriaslocal.ro/servicii/renovari-interioare/raschetare-parchet/moneasa,2026-01-03
https://www.meseriaslocal.ro/servicii/renovari-interioare/tamplarie/carei,2026-01-03
https://www.meseriaslocal.ro/servicii/renovari-interioare/vopsitorie-decorativa/husi,2026-01-03
https://www.meseriaslocal.ro/servicii/reparatii-diverse/reparatii-electrocasnice/tarnaveni,2026-01-03
https://www.meseriaslocal.ro/servicii/reparatii/reparator-auto/calarasi,2026-01-03
https://www.meseriaslocal.ro/servicii/reparatii/reparator-electronice/urziceni,2026-01-03
https://www.meseriaslocal.ro/servicii/servicii-de-urgenta/electrician-urgente/turnu-magurele,2026-01-03
https://www.meseriaslocal.ro/servicii/servicii-specializate/inspectii-tehnice/stefanesti,2026-01-03
https://www.meseriaslocal.ro/servicii/tamplarie-and-mobilier/reparatii-mobilier/tulcea/,2026-01-03
https://www.meseriaslocal.ro/servicii/tamplarie-mobilier/mobilier-la-comanda/tarnaveni,2026-01-03
https://www.meseriaslocal.ro/servicii/tamplarie-mobilier/mobilier-la-comanda/vlahita,2026-01-03
https://www.meseriaslocal.ro/servicii/tamplarie-mobilier/montaj-mobilier/miercurea-sibiului,2026-01-03
https://www.meseriaslocal.ro/politica-cookies,2026-01-03
https://meseriaslocal.ro/blog/sfaturi-utile-pentru-siguranta-electrica-in-locuinte,2026-01-03
https://www.meseriaslocal.ro/servicii/amenajari-exterioare/constructie-piscine/varatec,2026-01-03
https://www.meseriaslocal.ro/servicii/amenajari-exterioare/constructie-terase/zarnesti,2026-01-03
https://www.meseriaslocal.ro/servicii/amenajari-exterioare/gradinarit/deva,2026-01-03
https://www.meseriaslocal.ro/servicii/amenajari-exterioare/gradinarit/jibou,2026-01-03
https://www.meseriaslocal.ro/servicii/amenajari-exterioare/iluminat-exterior/frasin,2026-01-03
https://www.meseriaslocal.ro/servicii/amenajari-interioare/montaj-gresie-faianta-piatra/reghin,2026-01-03
https://www.meseriaslocal.ro/servicii/constructii-structuri/zidarie-tencuiala/varatec,2026-01-03
https://www.meseriaslocal.ro/servicii/constructii/faiantar-constructii/venus,2026-01-03
https://www.meseriaslocal.ro/servicii/constructii/izolatii-hidroizolante/vaslui,2026-01-03
https://www.meseriaslocal.ro/servicii/constructii/montator-pvc-constructii/pucioasa,2026-01-03
https://www.meseriaslocal.ro/servicii/constructii/zidar-constructii/gheorgheni,2026-01-03
https://www.meseriaslocal.ro/servicii/design-si-decor/montator-mobilier/turnu-magurele,2026-01-03
https://www.meseriaslocal.ro/servicii/finisaje/montator-pvc-finisaje/baile-homorod,2026-01-03
https://www.meseriaslocal.ro/servicii/finisaje/pardoseli-epoxidice/lugoj,2026-01-03
https://www.meseriaslocal.ro/servicii/finisaje/pardoseli-epoxidice/pecica,2026-01-03
https://www.meseriaslocal.ro/servicii/instalatii/automatizari-casa/fetesti,2026-01-03
https://www.meseriaslocal.ro/servicii/instalatii/instalare-panouri-solare/arad,2026-01-03
https://www.meseriaslocal.ro/servicii/instalatii/sisteme-ventilatie/jibou,2026-01-03
https://www.meseriaslocal.ro/servicii/renovari-interioare/amenajari-poduri/olimp,2026-01-03
https://www.meseriaslocal.ro/servicii/renovari-interioare/izolatie-termica/simeria,2026-01-03
https://www.meseriaslocal.ro/servicii/renovari-interioare/montaj-feronerie/bacau,2026-01-03
https://www.meseriaslocal.ro/servicii/renovari-interioare/montaj-tavane-false/cernavoda,2026-01-03
https://www.meseriaslocal.ro/servicii/renovari-interioare/raschetare-parchet/lepsa,2026-01-03
https://www.meseriaslocal.ro/servicii/renovari-interioare/raschetare-parchet/segarcea,2026-01-03
https://www.meseriaslocal.ro/servicii/renovari-interioare/reconditionare-parchet/broșteni,2026-01-03
https://www.meseriaslocal.ro/servicii/renovari-interioare/reconditionare-usi/dolhasca,2026-01-03
https://www.meseriaslocal.ro/servicii/renovari-interioare/reparatii-usi/suceava,2026-01-03
https://www.meseriaslocal.ro/servicii/renovari-interioare/tencuiala/varatec,2026-01-03
https://www.meseriaslocal.ro/servicii/servicii-generale/demolari/pecica,2026-01-03
https://www.meseriaslocal.ro/servicii/servicii-specializate/inspectii-tehnice/aiud,2026-01-03
https://www.meseriaslocal.ro/servicii/servicii-specializate/restaurari/mamaia,2026-01-03
https://www.meseriaslocal.ro/servicii/tamplarie-mobilier/montaj-mobilier/sebes,2026-01-03
https://www.meseriaslocal.ro/meseriasi/46a80c83-282d-4fde-8121-11debb1c74fb,2026-01-03
https://meseriaslocal.ro/blog/zugravi-suceava,2026-01-03
https://meseriaslocal.ro/servicii/reparatii-diverse/reparatii-centrale-termice/navodari,2026-01-03
https://meseriaslocal.ro/servicii/reparatii-diverse/reparatii-electrocasnice/gheorgheni,2026-01-03
https://www.meseriaslocal.ro/servicii/amenajari-exterioare-gradina/amenajari-gradina/navodari,2026-01-03
https://www.meseriaslocal.ro/servicii/amenajari-exterioare-gradina/toaletare-arbori/rosiorii-de-vede,2026-01-03
https://www.meseriaslocal.ro/servicii/amenajari-exterioare/gradinar/baile-tusnad,2026-01-03
https://www.meseriaslocal.ro/servicii/finisaje/aplicare-tapet/techirghiol,2026-01-03
https://www.meseriaslocal.ro/servicii/finisaje/montator-pvc-finisaje/reghin,2026-01-03
https://www.meseriaslocal.ro/servicii/finisaje/pardoseli-epoxidice/mangalia,2026-01-03
https://www.meseriaslocal.ro/servicii/instalatii/instalator-gaz/odorheiu-secuiesc,2026-01-03
https://www.meseriaslocal.ro/servicii/reparatii-diverse/reparatii-ferestre-usi/sighetu-marmatiei,2026-01-03
https://meseriaslocal.ro/blog/gresieri-turda,2026-01-03
https://www.meseriaslocal.ro/blog/demolari-drobeta-turnu-severin,2026-01-03
https://meseriaslocal.ro/servicii/finisaje/decorativa-interior/Târgoviște,2026-01-03
https://www.meseriaslocal.ro/servicii/amenajari-exterioare/constructie-foisoare-pergole/salonta,2026-01-03
https://www.meseriaslocal.ro/servicii/amenajari-exterioare/constructie-terase/frasin,2026-01-03
https://www.meseriaslocal.ro/servicii/amenajari-exterioare/constructie-terase/zalau,2026-01-03
https://www.meseriaslocal.ro/servicii/amenajari-exterioare/drenaj-teren/baile-felix,2026-01-03
https://www.meseriaslocal.ro/servicii/amenajari-exterioare/drenaj-teren/cernavoda,2026-01-03
https://www.meseriaslocal.ro/servicii/amenajari-exterioare/drenaj-teren/zarnesti,2026-01-03
https://www.meseriaslocal.ro/servicii/amenajari-exterioare/gradinarit/gura-humorului,2026-01-03
https://www.meseriaslocal.ro/servicii/amenajari-exterioare/gradinarit/venus,2026-01-03
https://www.meseriaslocal.ro/servicii/amenajari-exterioare/montator-piscine/draganesti-olt,2026-01-03
https://www.meseriaslocal.ro/servicii/amenajari-exterioare/pavator/tulcea,2026-01-03
https://www.meseriaslocal.ro/servicii/constructii/consolidari-cladiri/mangalia,2026-01-03
https://www.meseriaslocal.ro/servicii/constructii/constructii-case-lemn/marasesti,2026-01-03
https://www.meseriaslocal.ro/servicii/constructii/constructii-industriale/ocna-sibiului,2026-01-03
https://www.meseriaslocal.ro/servicii/constructii/electrician-constructii/comanesti,2026-01-03
https://www.meseriaslocal.ro/servicii/constructii/fundatii/caracal,2026-01-03
https://www.meseriaslocal.ro/servicii/constructii/gipsar-constructii/stefanesti,2026-01-03
https://www.meseriaslocal.ro/servicii/constructii/izolatii-hidroizolante/vulcan,2026-01-03
https://www.meseriaslocal.ro/servicii/constructii/montator-pvc-constructii/petrosani,2026-01-03
https://www.meseriaslocal.ro/servicii/constructii/montator-usi-constructii/ranca,2026-01-03
https://www.meseriaslocal.ro/servicii/constructii/parchetar-constructii/focsani,2026-01-03
https://www.meseriaslocal.ro/servicii/constructii/zidar-constructii/poiana-brasov,2026-01-03
https://www.meseriaslocal.ro/servicii/curatenie-igienizare/igienizare-climatizare/gherla,2026-01-03
https://www.meseriaslocal.ro/servicii/design-si-decor/decorator/bailesti,2026-01-03
https://www.meseriaslocal.ro/servicii/design-si-decor/decorator/borsec,2026-01-03
https://www.meseriaslocal.ro/servicii/design-si-decor/designer-interior/medias,2026-01-03
https://www.meseriaslocal.ro/servicii/design-si-decor/montator-draperii/gura-humorului,2026-01-03
https://www.meseriaslocal.ro/servicii/evenimente-media/dj-sonorizare/hunedoara,2026-01-03
https://www.meseriaslocal.ro/servicii/finisaje/faiantar-finisaje/vatra-dornei,2026-01-03
https://www.meseriaslocal.ro/servicii/finisaje/gipsar-finisaje/amara,2026-01-03
https://www.meseriaslocal.ro/servicii/finisaje/gipsar-finisaje/arbore,2026-01-03
https://www.meseriaslocal.ro/servicii/finisaje/montator-draperii/focsani,2026-01-03
https://www.meseriaslocal.ro/servicii/finisaje/montator-mobilier/zimnicea,2026-01-03
https://www.meseriaslocal.ro/servicii/finisaje/montator-pvc-finisaje/hateg,2026-01-03
https://www.meseriaslocal.ro/servicii/finisaje/montator-usi-finisaje/baile-govora,2026-01-03
https://www.meseriaslocal.ro/servicii/finisaje/montator-usi-finisaje/gaesti,2026-01-03
https://www.meseriaslocal.ro/servicii/finisaje/montator-usi-finisaje/paltinis,2026-01-03
https://www.meseriaslocal.ro/servicii/instalatii/automatizari-casa/baile-homorod,2026-01-03
https://www.meseriaslocal.ro/servicii/instalatii/instalare-pompe-caldura/brad,2026-01-03
https://www.meseriaslocal.ro/servicii/instalatii/instalatii-termice/ineu,2026-01-03
https://www.meseriaslocal.ro/servicii/instalatii/instalator-termic/sangeorz-bai,2026-01-03
https://www.meseriaslocal.ro/servicii/renovari-interioare/izolatie-termica/urziceni,2026-01-03
https://www.meseriaslocal.ro/servicii/renovari-interioare/reconditionare-parchet/gheorgheni,2026-01-03
https://www.meseriaslocal.ro/servicii/renovari-interioare/reconditionare-usi/moldovita,2026-01-03
https://www.meseriaslocal.ro/servicii/reparatii-diverse/reparatii-acoperisuri/draganesti-olt,2026-01-03
https://www.meseriaslocal.ro/servicii/reparatii/reparator-electrocasnice/siret,2026-01-03
https://www.meseriaslocal.ro/servicii/reparatii/reparator-electronice/baile-homorod,2026-01-03
https://www.meseriaslocal.ro/servicii/reparatii/reparator-mobilier/petrila,2026-01-03
https://www.meseriaslocal.ro/servicii/securitate-siguranta/supraveghere-video-intretinere/copsa-mica,2026-01-03
https://www.meseriaslocal.ro/servicii/servicii-generale/garduri/aiud,2026-01-03
https://www.meseriaslocal.ro/servicii/servicii-generale/garduri/sadova,2026-01-03
https://www.meseriaslocal.ro/servicii/servicii-specializate/consultanta-constructii/fieni,2026-01-03
https://www.meseriaslocal.ro/servicii/servicii-specializate/expertize-tehnice/pucioasa,2026-01-03
https://www.meseriaslocal.ro/servicii/servicii-specializate/servicii-proiectare/borsa,2026-01-03
https://www.meseriaslocal.ro/servicii/tamplarie-mobilier/montaj-mobilier/gherla,2026-01-03
https://www.meseriaslocal.ro/meseriasi/valentin-instalator-sebes-a30b,2026-01-03
https://www.meseriaslocal.ro/meseriasi/ionut-servicetermopane-piatraneamt-2881,2026-01-02
https://www.meseriaslocal.ro/servicii/amenajari-exterioare/gradinar/sebes,2026-01-02
https://www.meseriaslocal.ro/servicii/amenajari-interioare/montaj-rigips-compartimentari/lupeni,2026-01-02
https://www.meseriaslocal.ro/servicii/amenajari-interioare/montaj-usi-interior/avrig,2026-01-02
https://www.meseriaslocal.ro/servicii/amenajari-interioare/zugraveli-vopsitorii/tecuci,2026-01-02
https://www.meseriaslocal.ro/servicii/constructii/zugrav-constructii/darabani,2026-01-02
https://www.meseriaslocal.ro/servicii/exterioare/foisoare/baile-herculane,2026-01-02
https://www.meseriaslocal.ro/servicii/exterioare/foisoare/craiova,2026-01-02
https://www.meseriaslocal.ro/servicii/exterioare/terase/Piatra-Olt,2026-01-02
https://www.meseriaslocal.ro/servicii/finisaje/montator-usi-finisaje/dornesti,2026-01-02
https://www.meseriaslocal.ro/servicii/finisaje/placari-interioare/mamaia,2026-01-02
https://www.meseriaslocal.ro/servicii/finisaje/profile-decorative/targu-mures,2026-01-02
https://www.meseriaslocal.ro/servicii/instalatii/automatizari/Tulcea,2026-01-02
https://www.meseriaslocal.ro/servicii/instalatii/gaz/brad,2026-01-02
https://www.meseriaslocal.ro/servicii/renovari-interioare/montaj-tavane-false/cajvana,2026-01-02
https://www.meseriaslocal.ro/servicii/renovari-interioare/montaj-usi/romania,2026-01-02
https://www.meseriaslocal.ro/servicii/renovari-interioare/vopsitorie-decorativa/zarnesti,2026-01-02
https://www.meseriaslocal.ro/servicii/reparatii-diverse/reparatii-centrale-termice/marghita,2026-01-02
https://www.meseriaslocal.ro/servicii/reparatii-diverse/reparatii-electronice/navodari,2026-01-02
https://www.meseriaslocal.ro/servicii/reparatii-intretinere/reparatii-electronice/reghin,2026-01-02
"https://www.meseriaslocal.ro/servicii/reparatii-intretinere/reparatii-usi-garaj/Târgu 
Secuiesc",2026-01-02
https://www.meseriaslocal.ro/servicii/servicii-specializate/mutari/lepsa,2026-01-02
https://www.meseriaslocal.ro/servicii/servicii-specializate/proiectare/Nehoiu,2026-01-02
"https://www.meseriaslocal.ro/servicii/servicii-specializate/restaurari/Târgu 
Cărbuneşti",2026-01-02
https://www.meseriaslocal.ro/servicii/tamplarie-mobilier/mobilier-la-comanda/cugir,2026-01-02
https://www.meseriaslocal.ro/servicii/tamplarie-mobilier/reparatii-mobilier/satu-mare/,2026-01-02
https://meseriaslocal.ro/blog/instalatori-oradea,2026-01-02
https://www.meseriaslocal.ro/servicii/constructii/demolari-controlate/marginea,2026-01-02
https://www.meseriaslocal.ro/servicii/constructii/tamplar-constructii/rucar,2026-01-02
https://www.meseriaslocal.ro/servicii/tamplarie-mobilier/tapiterie-reconditionare/sighetu-marmatiei,2026-01-02
https://www.meseriaslocal.ro/meseriasi/847cf4f4-e21e-4686-9afb-6cdf23a288e8,2026-01-02
https://www.meseriaslocal.ro/servicii/constructii/electrician-constructii/bailesti,2026-01-02
https://meseriaslocal.ro/blog/electricieni-brașov,2026-01-01
https://meseriaslocal.ro/servicii/reparatii-intretinere/reparatii-termopane/hunedoara,2026-01-01
https://www.meseriaslocal.ro/servicii/amenajari-exterioare/montaj-garduri-porti/ocna-mures,2026-01-01
https://www.meseriaslocal.ro/servicii/amenajari-interioare/montaj-rigips-compartimentari/dej,2026-01-01
https://www.meseriaslocal.ro/servicii/instalatii/gaz/Vicovu de Sus,2026-01-01
https://www.meseriaslocal.ro/servicii/renovari-interioare/montaj-feronerie/sucevita,2026-01-01
https://www.meseriaslocal.ro/servicii/renovari-interioare/zugravit/Reghin,2026-01-01
https://www.meseriaslocal.ro/servicii/renovari-interioare/zugravit/stei,2026-01-01
https://www.meseriaslocal.ro/servicii/reparatii-intretinere/intretinere-gradina/salonta,2026-01-01
https://www.meseriaslocal.ro/servicii/reparatii-intretinere/reparatii-usi-garaj/Hunedoara,2026-01-01
https://www.meseriaslocal.ro/servicii/servicii-specializate/transport/uricani,2026-01-01
https://meseriaslocal.ro/blog/lacatusi-alba-iulia,2026-01-01
https://meseriaslocal.ro/blog/tamplari-mobilier-alexandria,2026-01-01
"https://meseriaslocal.ro/servicii/finisaje/piatra-naturala/Drobeta-Turnu 
Severin",2026-01-01
https://www.meseriaslocal.ro/servicii/renovari-interioare/rigips/ramnicu-valcea,2026-01-01
https://meseriaslocal.ro/servicii/servicii-de-urgenta/lacatus-deblocari-usi/agnita,2025-12-31
https://www.meseriaslocal.ro/servicii/constructii-structuri/realizare-fundatii/baile-olanesti,2025-12-31
https://www.meseriaslocal.ro/servicii/constructii/constructii-industriale/Ploiești,2025-12-31
https://www.meseriaslocal.ro/servicii/renovari-interioare/reparatii-usi/timisoara,2025-12-31
https://www.meseriaslocal.ro/servicii/tamplarie-mobilier/reparatii-mobilier/brasov/,2025-12-31
https://www.meseriaslocal.ro/servicii/renovari-interioare/montaj-usi/Fălticeni,2025-12-31
https://meseriaslocal.ro/servicii/servicii-specializate/topografie/Eforie%2520Nord,2025-12-30
https://meseriaslocal.ro/servicii/constructii/fundatii/baile-olanesti?q=%7Bsearch_term_string%7D,2025-12-30
https://www.meseriaslocal.ro/servicii/constructii/fundatii/baile-olanesti?q=%7Bsearch_term_string%7D,2025-12-30
https://www.meseriaslocal.ro/servicii/finisaje/piatra-naturala/focsani,2025-12-30
https://www.meseriaslocal.ro/blog/zugravi-timișoara,2025-12-30
https://www.meseriaslocal.ro/blog/curatenie-hunedoara,2025-12-30
https://meseriaslocal.ro/servicii/constructii/parchetar-constructii,2025-12-29
https://www.meseriaslocal.ro/servicii/renovari-interioare/montaj-usi/Bacău,2025-12-29
https://www.meseriaslocal.ro/servicii/servicii-specializate/topografie/Eforie%2520Nord,2025-12-29
https://meseriaslocal.ro/servicii/servicii-specializate/topografie/baile-herculane,2025-12-29
https://www.meseriaslocal.ro/servicii/amenajari-interioare/zugraveli-vopsitorii/lupeni,2025-12-29
https://www.meseriaslocal.ro/servicii/constructii-structuri/scari-exterioare/zarnesti,2025-12-29
https://meseriaslocal.ro/blog/servicii-meseriasi-romania,2025-12-29
https://meseriaslocal.ro/servicii/finisaje/piatra-naturala/baile-herculane,2025-12-29
https://www.meseriaslocal.ro/servicii/amenajari-interioare/zugraveli-vopsitorii/barlad,2025-12-29
https://www.meseriaslocal.ro/servicii/amenajari-interioare/zugraveli-vopsitorii/vulcan,2025-12-29
https://www.meseriaslocal.ro/servicii/finisaje/piatra-naturala/baile-herculane,2025-12-29
https://www.meseriaslocal.ro/servicii/instalatii-utilitati/instalare-panouri-solare-fotovoltaice/aiud,2025-12-29
https://www.meseriaslocal.ro/servicii/servicii-specializate/decorator/dolhasca,2025-12-29
https://www.meseriaslocal.ro/servicii/tamplarie-and-mobilier/reparatii-mobilier/focsani/,2025-12-29
https://meseriaslocal.ro/blog/instalatori-ac-botoșani,2025-12-29
https://meseriaslocal.ro/blog/fierari-turda,2025-12-29
https://meseriaslocal.ro/servicii/design-si-decor/designer-interior,2025-12-29
https://www.meseriaslocal.ro/servicii/constructii-structuri/demolari-decopertari/techirghiol,2025-12-29
https://meseriaslocal.ro/servicii/constructii/constructii-industriale/Ploiești,2025-12-28
https://www.meseriaslocal.ro/servicii/constructii/consolidari/falticeni,2025-12-28
https://www.meseriaslocal.ro/servicii/curatenie-igienizare/igienizare-climatizare/husi,2025-12-27
https://www.meseriaslocal.ro/blog/parchetari-servicii,2025-12-27
https://meseriaslocal.ro/servicii/finisaje/piatra-naturala/Reghin?q=%7Bsearch_term_string%7D,2025-12-27
https://www.meseriaslocal.ro/servicii/curatenie-and-igienizare/curatare-tapiterii/rosiorii-de-vede,2025-12-27
https://www.meseriaslocal.ro/servicii/amenajari-exterioare-and-gradina/toaletare-arbori/curtea-de-arges,2025-12-26
https://www.meseriaslocal.ro/servicii/amenajari-exterioare-gradina/iluminat-exterior/avrig,2025-12-26
https://www.meseriaslocal.ro/servicii/servicii-de-urgenta/instalator-urgente/saliste,2025-12-26
https://www.meseriaslocal.ro/servicii/tamplarie-and-mobilier/reparatii-mobilier/galati/,2025-12-26
https://meseriaslocal.ro/servicii/curatenie-igienizare/servicii-ddd/fagaras,2025-12-26
https://www.meseriaslocal.ro/servicii/instalatii-and-utilitati/automatizari-smart-home/sighisoara,2025-12-26
https://meseriaslocal.ro/blog/fierari-alba-iulia,2025-12-26
https://meseriaslocal.ro/servicii/curatenie-igienizare/spalare-fatade/rasnov,2025-12-24
https://meseriaslocal.ro/servicii/instalatii-utilitati/instalatii-sanitare/copsa-mica,2025-12-24
https://www.meseriaslocal.ro/servicii/securitate-and-siguranta/instalare-camere-supraveghere/tecuci,2025-12-24
https://www.meseriaslocal.ro/blog/tamplari-mobilier-slatina,2025-12-24
https://www.meseriaslocal.ro/servicii/alte-servicii/evacuare-moloz/pascani,2025-12-24
https://www.meseriaslocal.ro/jobs/e104a817-5a43-49f9-b744-26a399a0734b,2025-12-24
https://www.meseriaslocal.ro/servicii/alte-servicii/mutari-transport/slanic-prahova,2025-12-24
https://www.meseriaslocal.ro/servicii/reparatii-diverse/reparatii-electrocasnice/odorheiu-secuiesc,2025-12-24
https://www.meseriaslocal.ro/servicii/servicii-specializate-consultanta/proiectare-arhitectura/fetesti,2025-12-24
https://meseriaslocal.ro/servicii/reparatii-intretinere/reparatii-mobila/sighisoara,2025-12-23
https://www.meseriaslocal.ro/servicii/curatenie-igienizare/curatenie-dupa-constructor/onesti,2025-12-23
https://www.meseriaslocal.ro/servicii/reparatii-diverse/reparatii-centrale-termice/barlad,2025-12-23
https://www.meseriaslocal.ro/servicii/servicii-de-urgenta/lacatus-deblocari-usi/caracal,2025-12-23
https://meseriaslocal.ro/blog/tamplari-sibiu,2025-12-23
https://meseriaslocal.ro/servicii/amenajari-interioare/montaj-gresie-faianta-piatra/husi,2025-12-23
https://www.meseriaslocal.ro/servicii/amenajari-interioare/montaj-parchet-laminat/moldovita,2025-12-23
https://www.meseriaslocal.ro/servicii/curatenie-igienizare/servicii-ddd/vlahita,2025-12-23
https://meseriaslocal.ro/blog/fierari-cluj-napoca,2025-12-23
https://www.meseriaslocal.ro/blog/zugravi-bucurești,2025-12-23
https://meseriaslocal.ro/servicii/reparatii-diverse/reparatii-electronice/baraolt,2025-12-23
https://meseriaslocal.ro/servicii/servicii-de-urgenta/electrician-urgente/dorohoi,2025-12-23
https://www.meseriaslocal.ro/servicii/amenajari-exterioare-gradina/toaletare-arbori/covasna,2025-12-23
https://www.meseriaslocal.ro/servicii/renovari-interioare/reconditionare-parchet/vicovu-de-sus,2025-12-23
https://www.meseriaslocal.ro/servicii/amenajari-exterioare/iluminat-exterior/sovata,2025-12-22
https://www.meseriaslocal.ro/servicii/constructii-and-structuri/zidarie-tencuiala/fagaras,2025-12-22
https://www.meseriaslocal.ro/blog/parchetari-târgoviște,2025-12-22
https://www.meseriaslocal.ro/servicii/renovari-interioare/tamplarie/ineu,2025-12-22
https://www.meseriaslocal.ro/servicii/tamplarie-mobilier/tapiterie-reconditionare/caracal,2025-12-22
https://www.meseriaslocal.ro/servicii/auto-utilaje/detailing-auto/onesti,2025-12-21
https://www.meseriaslocal.ro/servicii/reparatii-intretinere/intretinere-centrale/Sinaia,2025-12-21
https://meseriaslocal.ro/servicii/servicii-de-urgenta/electrician-urgente/vulcan,2025-12-21
https://meseriaslocal.ro/servicii/finisaje/scari/Piatra Neamț,2025-12-21
https://www.meseriaslocal.ro/servicii/constructii/demolari/suceava,2025-12-21
https://www.meseriaslocal.ro/servicii/auto-utilaje/detailing-auto/campina,2025-12-21
https://www.meseriaslocal.ro/servicii/finisaje/finisaje-garduri/bistrita,2025-12-21
https://www.meseriaslocal.ro/blog/tamplari-mobilier-târgoviște,2025-12-20
https://www.meseriaslocal.ro/servicii/tamplarie-mobilier/reparatii-mobilier/galati/,2025-12-20
https://www.meseriaslocal.ro/servicii/constructii-structuri/izolatii-cladiri/mangalia,2025-12-20
https://www.meseriaslocal.ro/servicii/reparatii-intretinere/reparatii-electrice/dolhasca,2025-12-20
https://www.meseriaslocal.ro/meseriasi/cd760190-3528-4605-85d3-e9883ff75282,2025-12-20
https://www.meseriaslocal.ro/servicii/instalatii/pompe-caldura/R%C4%83d%C4%83u%C8%9Bi,2025-12-20
https://www.meseriaslocal.ro/servicii/tamplarie-and-mobilier/reparatii-mobilier/targu-jiu/,2025-12-20
https://meseriaslocal.ro/servicii/finisaje/scari/Săveni,2025-12-19
https://www.meseriaslocal.ro/servicii/instalatii/sisteme-ventilatie/falticeni,2025-12-19
https://www.meseriaslocal.ro/servicii/amenajari-exterioare-gradina/constructie-garduri-porti/moinesti,2025-12-19
https://www.meseriaslocal.ro/servicii/servicii-specializate-consultanta/servicii-topografie-cadastru/tarnaveni,2025-12-19
https://www.meseriaslocal.ro/login?redirectTo=/jobs/d0eb8c99-651b-49ec-9bca-fcf20463e44d,2025-12-19
https://meseriaslocal.ro/servicii/constructii/tamplar-constructii,2025-12-18
https://www.meseriaslocal.ro/servicii/instalatii-and-utilitati/sisteme-drenaj/curtea-de-arges,2025-12-18
https://www.meseriaslocal.ro/servicii/instalatii-utilitati/sisteme-drenaj/curtea-de-arges,2025-12-18
https://www.meseriaslocal.ro/servicii/constructii/parchetar-constructii,2025-12-18
https://www.meseriaslocal.ro/servicii/servicii-specializate/topografie/reghin,2025-12-18
https://www.meseriaslocal.ro/servicii/servicii-specializate-consultanta/consultanta-dirigentie/codlea/,2025-12-18
https://www.meseriaslocal.ro/blog/electricieni-reșița,2025-12-18
https://meseriaslocal.ro/blog/parchetari-făgăraș,2025-12-17
https://meseriaslocal.ro/blog/lacatusi-brașov,2025-12-17
https://www.meseriaslocal.ro/login?redirectTo=/solicitari/curatare-covoare-sibiu-a74c0d,2025-12-17
https://www.meseriaslocal.ro/servicii/securitate-siguranta/instalare-camere-supraveghere/avrig,2025-12-17
https://www.meseriaslocal.ro/servicii/instalatii-utilitati/instalatii-sanitare/gaesti,2025-12-16
https://www.meseriaslocal.ro/servicii/instalatii/instalator-termic/salcea,2025-12-16
https://www.meseriaslocal.ro/servicii/servicii-generale/curatenie/harsova,2025-12-16
https://www.meseriaslocal.ro/servicii/amenajari-exterioare-gradina/montaj-pavaje/avrig,2025-12-16
https://www.meseriaslocal.ro/servicii/reparatii-intretinere/intretinere-centrale/Pecica,2025-12-16
https://www.meseriaslocal.ro/servicii/servicii-specializate-consultanta/expertize-audit/campulung/,2025-12-16
https://www.meseriaslocal.ro/servicii/evenimente-media/organizare-evenimente/zarnesti,2025-12-16
https://www.meseriaslocal.ro/servicii/amenajari-interioare/montaj-tavane/avrig,2025-12-15
https://www.meseriaslocal.ro/servicii/instalatii-utilitati/automatizari-smart-home/sacele,2025-12-15
https://www.meseriaslocal.ro/servicii/servicii-specializate-consultanta/expertize-audit/navodari,2025-12-15
https://www.meseriaslocal.ro/servicii/servicii-specializate/curatenie/botosani,2025-12-15
https://www.meseriaslocal.ro/servicii/amenajari-interioare/montaj-seminee/lupeni/,2025-12-15
https://www.meseriaslocal.ro/servicii/curatenie-igienizare/servicii-ddd/turnu-magurele,2025-12-15
https://www.meseriaslocal.ro/servicii/instalatii/sisteme-incalzire/curtea-de-arges,2025-12-15
https://www.meseriaslocal.ro/servicii/reparatii-diverse/reparatii-electrocasnice/gheorgheni,2025-12-15
https://www.meseriaslocal.ro/servicii/servicii-specializate-consultanta/proiectare-arhitectura/cugir,2025-12-15
https://www.meseriaslocal.ro/servicii/servicii-specializate-consultanta/proiectare-arhitectura/ramnicu-sarat,2025-12-15
https://www.meseriaslocal.ro/servicii/servicii-specializate-consultanta/servicii-topografie-cadastru/oltenita,2025-12-15
https://www.meseriaslocal.ro/servicii/tamplarie-mobilier/tapiterie-reconditionare/rasnov,2025-12-15
https://www.meseriaslocal.ro/servicii/reparatii-intretinere/desfundare-canalizare/petrosani,2025-12-15
https://www.meseriaslocal.ro/servicii/servicii-generale/curatenie/ranca,2025-12-15
https://www.meseriaslocal.ro/servicii/tamplarie-and-mobilier/reparatii-mobilier/satu-mare/,2025-12-15
https://www.meseriaslocal.ro/dashboard,2025-12-15
https://meseriaslocal.ro/servicii/finisaje/sape/Eforie,2025-12-14
https://www.meseriaslocal.ro/servicii/amenajari-interioare/montaj-usi-interior/husi,2025-12-14
https://www.meseriaslocal.ro/servicii/constructii/constructii-industriale/tulcea,2025-12-14
https://www.meseriaslocal.ro/servicii/instalatii/sanitare/Mioveni,2025-12-14
https://www.meseriaslocal.ro/servicii/reparatii-intretinere/reparatii-mobila/Cisnădie,2025-12-14
https://www.meseriaslocal.ro/servicii/servicii-generale/mutari/topoloveni,2025-12-14
https://www.meseriaslocal.ro/servicii/servicii-specializate/topografie/cugir,2025-12-14
https://www.meseriaslocal.ro/servicii/constructii/constructii-case-lemn/sangeorz-bai,2025-12-14
https://www.meseriaslocal.ro/servicii/curatenie-igienizare/spalare-fatade/chitila/,2025-12-14
https://www.meseriaslocal.ro/servicii/instalatii/instalator-gaz/petrosani,2025-12-14
https://www.meseriaslocal.ro/servicii/renovari-interioare/reconditionare-usi/azuga,2025-12-14
https://www.meseriaslocal.ro/servicii/reparatii-diverse/reparatii-electrocasnice/dej,2025-12-14
https://www.meseriaslocal.ro/servicii/servicii-specializate/transport/brasov,2025-12-14
https://www.meseriaslocal.ro/servicii/constructii-structuri/constructii-anexe-garaje/caracal,2025-12-13
https://www.meseriaslocal.ro/servicii/tamplarie-mobilier/tapiterie-reconditionare/petrosani,2025-12-13
https://meseriaslocal.ro/servicii/renovari-interioare/montaj-usi/Bacău?q=%7Bsearch_term_string%7D,2025-12-13
https://www.meseriaslocal.ro/servicii/amenajari-interioare/montaj-gresie-faianta-piatra/intorsura-buzaului,2025-12-13
https://www.meseriaslocal.ro/servicii/servicii-specializate/consultanta-constructii,2025-12-13
https://www.meseriaslocal.ro/blog/instalatori-ac-turda,2025-12-13
https://www.meseriaslocal.ro/servicii/constructii/instalator-constructii/targu-mures,2025-12-13
https://www.meseriaslocal.ro/servicii/instalatii/instalator-aer-conditionat/zarnesti,2025-12-13
https://www.meseriaslocal.ro/servicii/instalatii/instalator-sanitar/turnu-magurele,2025-12-13
https://www.meseriaslocal.ro/blog/cum-sa-previi-aparitia-igrasiei-in-casa-solutii,2025-12-13
https://meseriaslocal.ro/meseriasi/847cf4f4-e21e-4686-9afb-6cdf23a288e8,2025-12-13
https://www.meseriaslocal.ro/servicii/constructii/izolatii-hidroizolante/sibiu,2025-12-13
https://www.meseriaslocal.ro/servicii/curatenie-igienizare/servicii-ddd/navodari,2025-12-13
https://www.meseriaslocal.ro/servicii/renovari-interioare/montaj-usi/Bacău?q=%7Bsearch_term_string%7D,2025-12-13
https://www.meseriaslocal.ro/servicii/reparatii/reparator-electronice/baile-olanesti,2025-12-13
https://www.meseriaslocal.ro/servicii/tamplarie-and-mobilier/reparatii-mobilier/arad/,2025-12-13
https://www.meseriaslocal.ro/servicii/finisaje/pardoseli-epoxidice/medias,2025-12-12
https://www.meseriaslocal.ro/servicii/amenajari-exterioare-gradina/constructie-terase-foisoare/covasna,2025-12-12
https://www.meseriaslocal.ro/register?redirectTo=/cere-oferta,2025-12-12
https://www.meseriaslocal.ro/servicii/amenajari-exterioare-gradina/constructie-garduri-porti/navodari/,2025-12-12
https://www.meseriaslocal.ro/servicii/curatenie-and-igienizare/curatare-tapiterii/campina,2025-12-12
https://www.meseriaslocal.ro/servicii/instalatii/instalatii-gaz/pecica,2025-12-12
https://www.meseriaslocal.ro/servicii/renovari-interioare/montaj-gresie-faianta/moldovita,2025-12-12
https://www.meseriaslocal.ro/servicii/reparatii-diverse/reparatii-centrale-termice/navodari,2025-12-12
https://www.meseriaslocal.ro/servicii/securitate-and-siguranta/instalare-camere-supraveghere/dej,2025-12-12
https://www.meseriaslocal.ro/servicii/securitate-siguranta/instalare-detectie-incendiu/salonta/,2025-12-12
https://www.meseriaslocal.ro/servicii/securitate-siguranta/instalare-sisteme-alarma/vatra-dornei/,2025-12-12
https://www.meseriaslocal.ro/servicii/servicii-specializate-consultanta/servicii-topografie-cadastru/cugir,2025-12-12
https://www.meseriaslocal.ro/servicii/servicii-specializate/topografie/costinesti,2025-12-12
https://www.meseriaslocal.ro/servicii/tamplarie-mobilier/montaj-obloane/radauti,2025-12-12
https://www.meseriaslocal.ro/login?redirectTo=/solicitari/usa-blocata-strada-572941,2025-12-12
https://meseriaslocal.ro/servicii/servicii-generale/curatenie/harsova,2025-12-12
https://www.meseriaslocal.ro/servicii/amenajari-exterioare-and-gradina/constructie-terase-foisoare/sighisoara,2025-12-12
https://www.meseriaslocal.ro/servicii/auto-and-utilaje/detailing-auto/campina,2025-12-12
https://www.meseriaslocal.ro/servicii/auto-and-utilaje/detailing-auto/onesti,2025-12-12
https://www.meseriaslocal.ro/servicii/auto-and-utilaje/reparatii-mecanica-auto/odorheiu-secuiesc,2025-12-12
https://www.meseriaslocal.ro/servicii/constructii/constructii-industriale/caracal?q=%7Bsearch_term_string%7D,2025-12-12
https://www.meseriaslocal.ro/servicii/curatenie-and-igienizare/curatare-cosuri-fum/curtea-de-arges,2025-12-12
https://www.meseriaslocal.ro/servicii/curatenie-and-igienizare/servicii-ddd/lugoj,2025-12-12
https://www.meseriaslocal.ro/servicii/curatenie-and-igienizare/servicii-ddd/turnu-magurele,2025-12-12
https://www.meseriaslocal.ro/servicii/instalatii-and-utilitati/instalatii-termice/fagaras,2025-12-12
https://www.meseriaslocal.ro/servicii/renovari-interioare/amenajari-poduri/Alba%20Iulia,2025-12-12
https://www.meseriaslocal.ro/servicii/tamplarie-and-mobilier/reparatii-mobilier/cluj-napoca/,2025-12-12
https://www.meseriaslocal.ro/servicii/tamplarie-and-mobilier/tapiterie-reconditionare/caracal,2025-12-12
https://www.meseriaslocal.ro/servicii/auto-utilaje/reparatii-mecanica-auto/odorheiu-secuiesc,2025-12-11
https://www.meseriaslocal.ro/servicii/instalatii-utilitati/montaj-ac-ventilatie/ramnicu-sarat,2025-12-11
https://www.meseriaslocal.ro/servicii/servicii-de-urgenta/reparatii-urgente-acoperis/tarnaveni,2025-12-11
https://www.meseriaslocal.ro/servicii/tamplarie-mobilier/reparatii-mobilier/pitesti,2025-12-11
https://www.meseriaslocal.ro/servicii/tamplarie-mobilier/tapiterie-reconditionare/toplita,2025-12-11
https://www.meseriaslocal.ro/servicii/amenajari-exterioare-gradina/porti-automate/fetesti/,2025-12-11
https://www.meseriaslocal.ro/servicii/curatenie-and-igienizare/curatenie-dupa-constructor/onesti,2025-12-11
https://www.meseriaslocal.ro/servicii/design-si-decor/designer-interior/focșani,2025-12-11
https://www.meseriaslocal.ro/servicii/servicii-specializate-and-consultanta/proiectare-arhitectura/fetesti,2025-12-11
https://www.meseriaslocal.ro/servicii/alte-servicii/mutari-transport/dej/,2025-12-11
https://www.meseriaslocal.ro/servicii/amenajari-exterioare-gradina/toaletare-arbori/curtea-de-arges,2025-12-11
https://www.meseriaslocal.ro/servicii/amenajari-exterioare/sisteme-irigatie/craiova,2025-12-11
https://www.meseriaslocal.ro/servicii/amenajari-interioare/montaj-rigips-compartimentari/marghita,2025-12-11
https://www.meseriaslocal.ro/servicii/reparatii-diverse/reparatii-centrale-termice/sighisoara,2025-12-11
https://www.meseriaslocal.ro/servicii/servicii-specializate-consultanta/design-interior-decor/salonta/,2025-12-11
https://www.meseriaslocal.ro/servicii/tamplarie-mobilier/montaj-mobilier/sacele,2025-12-11
https://www.meseriaslocal.ro/servicii/tamplarie-mobilier/reparatii-mobilier/tulcea/,2025-12-11
https://www.meseriaslocal.ro/servicii/servicii-de-urgenta/reparatii-urgente-acoperis/campia-turzii/,2025-12-11
https://www.meseriaslocal.ro/servicii/servicii-specializate-consultanta/proiectare-arhitectura/mioveni,2025-12-11
https://www.meseriaslocal.ro/servicii/amenajari-exterioare-gradina/montaj-copertine/mioveni,2025-12-10
https://www.meseriaslocal.ro/servicii/amenajari-interioare/montaj-parchet-laminat/borsec,2025-12-10
https://www.meseriaslocal.ro/servicii/amenajari-interioare/montaj-seminee/blaj,2025-12-10
https://www.meseriaslocal.ro/servicii/finisaje/scari/Pa%C8%99cani,2025-12-10
https://www.meseriaslocal.ro/servicii/finisaje/scari/sebes,2025-12-10
https://www.meseriaslocal.ro/servicii/renovari-interioare/tamplar/Dorohoi,2025-12-10
https://www.meseriaslocal.ro/servicii/reparatii-diverse/reparatii-electronice/dej,2025-12-10
https://www.meseriaslocal.ro/servicii/reparatii-diverse/reparatii-jaluzele-rulouri/dej/,2025-12-10
https://www.meseriaslocal.ro/servicii/servicii-generale/garduri,2025-12-10
https://www.meseriaslocal.ro/blog/demolari-bucurești,2025-12-10
https://www.meseriaslocal.ro/servicii/amenajari-exterioare-gradina/montaj-pavaje/sighetu-marmatiei,2025-12-10
https://www.meseriaslocal.ro/servicii/constructii-structuri/izolatii-cladiri/comanesti,2025-12-10
https://www.meseriaslocal.ro/servicii/constructii-structuri/scari-exterioare/chitila/,2025-12-10
https://www.meseriaslocal.ro/servicii/constructii/montator-usi-constructii/sibiu,2025-12-10
https://www.meseriaslocal.ro/servicii/curatenie-igienizare/curatenie-generala/gherla,2025-12-10
https://www.meseriaslocal.ro/servicii/design-si-decor/montator-draperii/viseu-de-sus,2025-12-10
https://www.meseriaslocal.ro/servicii/instalatii/instalator-gaz/solca,2025-12-10
https://www.meseriaslocal.ro/servicii/servicii-de-urgenta/lacatus-deblocari-usi/campina,2025-12-10
https://meseriaslocal.ro/blog/constructori-servicii,2025-12-10
https://www.meseriaslocal.ro/blog/garduri-bistrița,2025-12-10
https://www.meseriaslocal.ro/servicii/alte-servicii/evacuare-moloz/baraolt,2025-12-09
https://www.meseriaslocal.ro/servicii/constructii/acoperisuri/Călan,2025-12-09
https://www.meseriaslocal.ro/servicii/constructii/tamplar-constructii,2025-12-09
https://www.meseriaslocal.ro/servicii/renovari-interioare/montaj-rigips,2025-12-09
https://www.meseriaslocal.ro/servicii/tamplarie-mobilier/montaj-termopan/gheorgheni,2025-12-09
https://www.meseriaslocal.ro/servicii/alte-servicii/mutari-transport/salonta,2025-12-09
https://www.meseriaslocal.ro/servicii/amenajari-exterioare-gradina/montaj-copertine/campia-turzii,2025-12-09
https://www.meseriaslocal.ro/servicii/auto-utilaje/reparatii-mecanica-auto/zarnesti,2025-12-09
https://www.meseriaslocal.ro/servicii/auto-utilaje/vulcanizare-tractari/caransebes,2025-12-09
https://www.meseriaslocal.ro/servicii/reparatii-diverse/reparatii-electronice/lugoj,2025-12-09
https://www.meseriaslocal.ro/servicii/servicii-de-urgenta/electrician-urgente/vulcan,2025-12-09
https://www.meseriaslocal.ro/servicii/servicii-specializate/mutari/salonta,2025-12-09
https://www.meseriaslocal.ro/servicii/servicii-specializate/decorator/cernavoda,2025-12-09
https://www.meseriaslocal.ro/servicii/auto-utilaje/reparatii-mecanica-auto/mangalia/,2025-12-08
https://www.meseriaslocal.ro/servicii/reparatii-diverse/reparatii-centrale-termice/sebes,2025-12-08
https://www.meseriaslocal.ro/servicii/reparatii-diverse/reparatii-jaluzele-rulouri/chitila,2025-12-08
https://www.meseriaslocal.ro/servicii/tamplarie-mobilier/montaj-mobilier/voluntari,2025-12-08
https://www.meseriaslocal.ro/servicii/amenajari-interioare/montaj-gresie-faianta-piatra/copsa-mica,2025-12-08
https://www.meseriaslocal.ro/servicii/renovari-interioare/zugravit/Borșa?q=%7Bsearch_term_string%7D,2025-12-08
https://www.meseriaslocal.ro/blog/demolari-timișoara,2025-12-08
https://meseriaslocal.ro/contact,2025-12-08
https://www.meseriaslocal.ro/servicii/amenajari-exterioare/iluminat-exterior/sinaia,2025-12-08
https://www.meseriaslocal.ro/servicii/constructii-structuri/constructii-anexe-garaje/vatra-dornei/,2025-12-08
https://www.meseriaslocal.ro/servicii/constructii-structuri/izolatii-cladiri/radauti,2025-12-08
https://www.meseriaslocal.ro/servicii/constructii/faiantar-constructii/sfantu-gheorghe,2025-12-08
https://www.meseriaslocal.ro/servicii/curatenie-igienizare/curatenie-generala/caransebes,2025-12-08
https://www.meseriaslocal.ro/servicii/curatenie-igienizare/servicii-ddd/lugoj,2025-12-08
https://www.meseriaslocal.ro/servicii/instalatii/instalatii-termice/marasesti,2025-12-08
https://www.meseriaslocal.ro/servicii/reparatii-diverse/reparatii-ferestre-usi/navodari/,2025-12-08
https://meseriaslocal.ro/blog/curatenie-iași,2025-12-08
https://www.meseriaslocal.ro/servicii/constructii-structuri/demolari-decopertari/tarnaveni,2025-12-08
https://www.meseriaslocal.ro/servicii/servicii-specializate-consultanta/randari-3d/gheorgheni/,2025-12-08
https://www.meseriaslocal.ro/servicii/tamplarie-mobilier/montaj-jaluzele-rulouri/mioveni/,2025-12-08
https://www.meseriaslocal.ro/meseriasi/dejan-daniel-36ee55e6-3a50-46cd-9689-55f590e08036,2025-12-07
https://www.meseriaslocal.ro/meseriasi/alin-marius-ion-389eb0ad-7dc7-4984-b777-a63a02bd063f,2025-12-07
https://www.meseriaslocal.ro/servicii/amenajari-exterioare-gradina/constructie-terase-foisoare/navodari/,2025-12-07
https://www.meseriaslocal.ro/servicii/constructii-structuri/scari-exterioare/petrila,2025-12-07
https://www.meseriaslocal.ro/servicii/reparatii-diverse/reparatii-electrocasnice/caracal,2025-12-07
https://www.meseriaslocal.ro/servicii/securitate-siguranta/montaj-interfoane/ocna-sibiului,2025-12-07
https://www.meseriaslocal.ro/servicii/servicii-specializate-consultanta/randari-3d/mioveni,2025-12-07
https://www.meseriaslocal.ro/servicii/tamplarie-mobilier/reparatii-mobilier/cluj-napoca/,2025-12-07
https://meseriaslocal.ro/blog/parchetari-piatra-neamț,2025-12-07
https://www.meseriaslocal.ro/blog/demolari-bacău,2025-12-07
https://www.meseriaslocal.ro/servicii/alte-servicii/servicii-sudura/moreni,2025-12-07
https://www.meseriaslocal.ro/servicii/amenajari-exterioare-gradina/constructie-terase-foisoare/fagaras/,2025-12-07
https://www.meseriaslocal.ro/servicii/amenajari-interioare/montaj-rigips-compartimentari/dorohoi,2025-12-07
https://www.meseriaslocal.ro/servicii/instalatii-utilitati/sisteme-drenaj/reghin,2025-12-07
https://www.meseriaslocal.ro/servicii/reparatii/reparator-electrocasnice/tasnad,2025-12-07
https://www.meseriaslocal.ro/servicii/securitate-siguranta/instalare-sisteme-alarma/rasnov,2025-12-07
https://www.meseriaslocal.ro/servicii/servicii-de-urgenta/electrician-urgente/targu-secuiesc,2025-12-07
https://www.meseriaslocal.ro/blog/acoperisuri-giurgiu,2025-12-07
https://www.meseriaslocal.ro/servicii/amenajari-exterioare-gradina/montaj-pavaje/vrancea/,2025-12-07
https://www.meseriaslocal.ro/servicii/amenajari-exterioare/montator-garduri/arbore,2025-12-07
https://www.meseriaslocal.ro/servicii/amenajari-exterioare/pavator/bran,2025-12-07
https://www.meseriaslocal.ro/servicii/evenimente-media/dj-sonorizare/targu-mures,2025-12-07
https://www.meseriaslocal.ro/servicii/instalatii-utilitati/instalatii-gaz/pecica,2025-12-07
https://www.meseriaslocal.ro/servicii/renovari-interioare/tencuiala/moieciu,2025-12-07
https://www.meseriaslocal.ro/servicii/servicii-specializate/restaurari/cehu-silvaniei,2025-12-07
https://meseriaslocal.ro/blog/parchetari-târgu-mureș,2025-12-07
https://meseriaslocal.ro/servicii/amenajari-interioare/aplicare-decorativa-tapet/sighetu-marmatiei,2025-12-07
https://www.meseriaslocal.ro/servicii/instalatii/instalatii-gaz/calafat,2025-12-07
https://www.meseriaslocal.ro/servicii/reparatii-diverse/reparatii-electrocasnice/onesti,2025-12-07
https://meseriaslocal.ro/blog/tamplari-mobilier-piatra-neamț,2025-12-07
https://meseriaslocal.ro/blog/electricieni-hunedoara,2025-12-06
https://www.meseriaslocal.ro/blog/demolari-roșiorii-de-vede,2025-12-06
https://www.meseriaslocal.ro/blog/instalatori-târgoviște,2025-12-06
https://www.meseriaslocal.ro/blog/acoperisuri-drobeta-turnu-severin,2025-12-06
https://www.meseriaslocal.ro/blog/demolari-pitești,2025-12-06
https://meseriaslocal.ro/blog/instalatori-râmnicu-vâlcea,2025-12-06
https://www.meseriaslocal.ro/login,2025-12-06
https://www.meseriaslocal.ro/servicii/amenajari-exterioare/amenajare-peisagistica/brasov,2025-12-06
https://www.meseriaslocal.ro/servicii/amenajari-exterioare/constructie-piscine/costinesti,2025-12-06
https://www.meseriaslocal.ro/servicii/constructii/electrician-constructii/tulcea,2025-12-06
https://www.meseriaslocal.ro/servicii/curatenie-igienizare/curatenie-generala/onesti,2025-12-06
https://www.meseriaslocal.ro/servicii/instalatii/instalatii-gaz/varatec,2025-12-06
https://www.meseriaslocal.ro/servicii/instalatii/instalatii-sanitare/curtici,2025-12-06
https://www.meseriaslocal.ro/servicii/securitate-siguranta/instalare-detectie-incendiu/radauti,2025-12-06
https://meseriaslocal.ro/blog/garduri-piatra-neamț,2025-12-06
https://www.meseriaslocal.ro/blog/demolari-făgăraș,2025-12-06
https://www.meseriaslocal.ro/blog/instalatori-roșiorii-de-vede,2025-12-06
https://meseriaslocal.ro/blog/demolari-tulcea,2025-12-06
https://meseriaslocal.ro/blog/fierari-sibiu,2025-12-06
https://www.meseriaslocal.ro/blog/acoperisuri-bacău,2025-12-06
https://meseriaslocal.ro/servicii/amenajari-interioare/gletuire-finisare-pereti/caracal,2025-12-06
https://www.meseriaslocal.ro/servicii/servicii-specializate-consultanta/servicii-topografie-cadastru/costinesti,2025-12-06
https://www.meseriaslocal.ro/blog/instalatori-ac-alexandria,2025-12-06
https://meseriaslocal.ro/servicii/amenajari-interioare/montaj-pardoseli/medgidia,2025-12-06
https://meseriaslocal.ro/servicii/curatenie-igienizare/igienizare-climatizare/avrig,2025-12-06
https://www.meseriaslocal.ro/servicii/renovari-interioare/izolatie-termica/agapia,2025-12-06
https://www.meseriaslocal.ro/servicii/renovari-interioare/parchet/Slatina,2025-12-06
https://www.meseriaslocal.ro/servicii/reparatii-diverse/reparatii-electronice/aiud,2025-12-06
https://www.meseriaslocal.ro/servicii/reparatii/reparator-electronice,2025-12-06
https://www.meseriaslocal.ro/blog/gresieri-craiova,2025-12-06
https://meseriaslocal.ro/servicii/amenajari-exterioare-gradina/porti-automate/cristuru-secuiesc,2025-12-06
https://meseriaslocal.ro/servicii/amenajari-interioare/montaj-rigips-compartimentari/fagaras,2025-12-06
https://meseriaslocal.ro/servicii/amenajari-interioare/montaj-tavane/petrosani,2025-12-06
https://meseriaslocal.ro/servicii/curatenie-igienizare/igienizare-climatizare/husi,2025-12-06
https://meseriaslocal.ro/servicii/curatenie-igienizare/igienizare-climatizare/vlahita,2025-12-06
https://meseriaslocal.ro/servicii/instalatii-utilitati/verificari-revizii-tehnice/saliste,2025-12-06
https://meseriaslocal.ro/servicii/reparatii-diverse/reparatii-jaluzele-rulouri/rosiorii-de-vede,2025-12-06
https://meseriaslocal.ro/servicii/tamplarie-mobilier/mobilier-la-comanda/agnita,2025-12-06
https://www.meseriaslocal.ro/servicii/amenajari-exterioare/constructie-foisoare-pergole/pitesti,2025-12-06
https://www.meseriaslocal.ro/servicii/constructii/montator-pvc-constructii/barlad,2025-12-06
https://www.meseriaslocal.ro/servicii/finisaje/montator-pvc-finisaje/vatra-dornei,2025-12-06
https://www.meseriaslocal.ro/servicii/instalatii-utilitati/detectare-scurgeri/chitila,2025-12-06
https://www.meseriaslocal.ro/servicii/instalatii/electrice/Gheorgheni,2025-12-06
https://www.meseriaslocal.ro/servicii/reparatii-diverse/reparatii-electronice/targu-secuiesc,2025-12-06
https://www.meseriaslocal.ro/servicii/reparatii-intretinere/reparatii-electrice/brasov,2025-12-06
https://www.meseriaslocal.ro/servicii/servicii-specializate/expertize-tehnice/campulung-moldovenesc,2025-12-06
https://www.meseriaslocal.ro/servicii/tamplarie-mobilier/reparatii-mobilier/sfantu-gheorghe/,2025-12-06
https://www.meseriaslocal.ro/blog/ghid-zugravi-complet,2025-12-05
https://www.meseriaslocal.ro/contact,2025-12-05
https://www.meseriaslocal.ro/blog/garduri-deva,2025-12-05
https://www.meseriaslocal.ro/blog/garduri-baia-mare,2025-12-05
https://www.meseriaslocal.ro/blog/acoperisuri-botoșani,2025-12-05
https://www.meseriaslocal.ro/meseriasi/chintovan-sebastian-967c56bb-f74f-4df9-a89c-54b0222efe85,2025-12-05
https://www.meseriaslocal.ro/blog/garduri-buzău,2025-12-05
https://www.meseriaslocal.ro/blog/acoperisuri-hunedoara,2025-12-05
https://www.meseriaslocal.ro/blog/electricieni-bacău,2025-12-05
https://www.meseriaslocal.ro/blog/garduri-suceava,2025-12-05
https://www.meseriaslocal.ro/servicii/constructii-structuri/fierarie-confectii-metalice/chitila,2025-12-05
https://www.meseriaslocal.ro/servicii/constructii-structuri/izolatii-cladiri/cisnadie,2025-12-05
https://www.meseriaslocal.ro/servicii/instalatii-utilitati/instalare-panouri-solare-fotovoltaice/saliste,2025-12-05
https://www.meseriaslocal.ro/servicii/instalatii-utilitati/instalatii-gaz/talmaciu,2025-12-05
https://www.meseriaslocal.ro/servicii/instalatii-utilitati/ventilatie-industriala/buftea/,2025-12-05
https://www.meseriaslocal.ro/servicii/reparatii-diverse/reparatii-electrocasnice/petrosani,2025-12-05
https://www.meseriaslocal.ro/servicii/tamplarie-mobilier/tapiterie-reconditionare/campia-turzii,2025-12-05